28/11/2023 09:00,Uppingham,Bennie Jones,Large Red Label tea - 1.80,1.8,CASH,
28/11/2023 09:01,Uppingham,Jeremy King,"Regular Red Label tea - 1.20, Regular Flavoured latte - Hazelnut - 2.55, Regular Mocha - 2.30, Regular Mocha - 2.30, Regular Speciality Tea - Green - 1.30, Large Flavoured latte - Hazelnut - 2.85",12.5,CARD,8845498517405849
28/11/2023 09:02,Uppingham,Joe Avila,Regular Flavoured latte - Hazelnut - 2.55,2.55,CASH,
28/11/2023 09:03,Uppingham,Christopher Burkholder,Large Flavoured hot chocolate - Vanilla - 2.90,2.9,CASH,
28/11/2023 09:04,Uppingham,Lori Rabon,"Regular Hot chocolate - 2.20, Regular Speciality Tea - Green - 1.30, Large Flavoured hot chocolate - Vanilla - 2.90",6.4,CARD,4923009057217610
28/11/2023 09:05,Uppingham,Bryan Weston,Regular Speciality Tea - Peppermint - 1.30,1.3,CARD,1905490150619759
28/11/2023 09:06,Uppingham,Hector Mansfield,Regular Hot chocolate - 2.20,2.2,CARD,9670101388189031
28/11/2023 09:07,Uppingham,Emmanuel Norris,"Regular Smoothies - Berry Beautiful - 2.00, Regular Flavoured latte - Hazelnut - 2.55, Regular Flavoured latte - Caramel - 2.55",7.1,CARD,8055031292546241
28/11/2023 09:08,Uppingham,Robert Avila,"Regular Flavoured hot chocolate - Vanilla - 2.60, Large Speciality Tea - Green - 1.60, Regular Speciality Tea - Green - 1.30, Large Flavoured latte - Hazelnut - 2.85",8.35,CARD,4615701973458270
28/11/2023 09:09,Uppingham,Michele Ferguson,"Large Flavoured hot chocolate - Vanilla - 2.90, Large Flavoured latte - Caramel - 2.85, Regular Flavoured latte - Hazelnut - 2.55",8.3,CARD,1964309684618833
28/11/2023 09:10,Uppingham,Elizabeth Knight,"Large Flavoured latte - Hazelnut - 2.85, Regular Red Label tea - 1.20, Large Red Label tea - 1.80",5.85,CARD,8224533246226869
28/11/2023 09:11,Uppingham,Kevin Plumley,Large Red Label tea - 1.80,1.8,CASH,
28/11/2023 09:12,Uppingham,Lisa Deloatch,"Large Red Label tea - 1.80, Regular Hot chocolate - 2.20",4.0,CARD,2611520126214805
28/11/2023 09:13,Uppingham,Inez Erickson,"Large Speciality Tea - Green - 1.60, Regular Smoothies - Berry Beautiful - 2.00, Large Speciality Tea - Peppermint - 1.60, Regular Speciality Tea - Green - 1.30",6.5,CARD,2341698111502287
28/11/2023 09:14,Uppingham,Brian Crawford,"Large Cortado - 2.35, Large Flavoured latte - Caramel - 2.85, Large Red Label tea - 1.80",7.0,CARD,5413349173250191
28/11/2023 09:15,Uppingham,Gillian Holmes,"Regular Speciality Tea - Peppermint - 1.30, Large Speciality Tea - Green - 1.60, Large Flavoured latte - Caramel - 2.85, Regular Flavoured hot chocolate - Vanilla - 2.60",8.35,CARD,9223700213052843
28/11/2023 09:16,Uppingham,Dan Panza,"Large Red Label tea - 1.80, Regular Mocha - 2.30",4.1,CARD,2914759887096668
28/11/2023 09:17,Uppingham,Margaret Bowdre,"Regular Cortado - 2.05, Large Cortado - 2.35",4.4,CARD,9175739360393090
28/11/2023 09:18,Uppingham,Rosalind Lemaster,"Regular Smoothies - Berry Beautiful - 2.00, Regular Speciality Tea - Green - 1.30, Regular Cortado - 2.05",5.35,CASH,
28/11/2023 09:19,Uppingham,Michael Becker,"Regular Mocha - 2.30, Large Flavoured latte - Hazelnut - 2.85, Large Smoothies - Berry Beautiful - 2.50, Large Cortado - 2.35",10.0,CASH,
28/11/2023 09:20,Uppingham,Betty Garrison,"Regular Flavoured latte - Hazelnut - 2.55, Large Smoothies - Berry Beautiful - 2.50, Large Flavoured hot chocolate - Vanilla - 2.90, Regular Mocha - 2.30",10.25,CASH,
28/11/2023 09:21,Uppingham,Janet Papitto,"Large Mocha - 2.70, Regular Red Label tea - 1.20",3.9,CARD,3435359462003051
28/11/2023 09:22,Uppingham,Joshua Boyer,"Large Mocha - 2.70, Regular Flavoured hot chocolate - Vanilla - 2.60, Large Flavoured latte - Caramel - 2.85, Large Hot chocolate - 2.90, Large Mocha - 2.70",13.75,CARD,2707088941081418
28/11/2023 09:23,Uppingham,Jeffery Jordan,"Large Cortado - 2.35, Large Smoothies - Berry Beautiful - 2.50, Regular Flavoured latte - Hazelnut - 2.55, Regular Red Label tea - 1.20",8.6,CARD,5021977784614095
28/11/2023 09:24,Uppingham,Marissa Mares,"Large Hot chocolate - 2.90, Large Flavoured latte - Caramel - 2.85, Large Hot chocolate - 2.90, Regular Flavoured latte - Caramel - 2.55, Large Smoothies - Berry Beautiful - 2.50, Large Mocha - 2.70",16.4,CARD,2488142813101101
28/11/2023 09:25,Uppingham,Helen Rosado,"Regular Cortado - 2.05, Regular Hot chocolate - 2.20, Large Smoothies - Berry Beautiful - 2.50, Regular Speciality Tea - Peppermint - 1.30, Large Flavoured latte - Caramel - 2.85, Regular Flavoured hot chocolate - Vanilla - 2.60",13.5,CARD,5222635859035785
28/11/2023 09:26,Uppingham,Oralia Nixon,Regular Speciality Tea - Green - 1.30,1.3,CASH,
28/11/2023 09:27,Uppingham,Oscar Rivera,"Large Flavoured latte - Hazelnut - 2.85, Large Cortado - 2.35",5.2,CARD,2754521316366782
28/11/2023 09:28,Uppingham,Emma Blair,"Large Smoothies - Berry Beautiful - 2.50, Regular Flavoured latte - Hazelnut - 2.55, Large Mocha - 2.70",7.75,CASH,
28/11/2023 09:29,Uppingham,Arline Washington,"Large Cortado - 2.35, Large Flavoured latte - Hazelnut - 2.85, Regular Mocha - 2.30",7.5,CARD,2349738286870284
28/11/2023 09:30,Uppingham,Morris Solis,"Large Mocha - 2.70, Regular Flavoured latte - Caramel - 2.55, Regular Hot chocolate - 2.20, Regular Mocha - 2.30, Large Flavoured hot chocolate - Vanilla - 2.90",12.65,CASH,
28/11/2023 09:31,Uppingham,Robin Pruitt,"Regular Flavoured latte - Caramel - 2.55, Large Mocha - 2.70, Large Flavoured latte - Caramel - 2.85, Regular Flavoured latte - Hazelnut - 2.55, Regular Flavoured latte - Caramel - 2.55",13.2,CARD,8941296623276656
28/11/2023 09:32,Uppingham,Willie Torres,Regular Flavoured latte - Caramel - 2.55,2.55,CARD,5507546818097957
28/11/2023 09:33,Uppingham,Melissa Filkins,"Large Flavoured hot chocolate - Vanilla - 2.90, Large Smoothies - Berry Beautiful - 2.50, Regular Speciality Tea - Green - 1.30",6.7,CARD,3039932467726412
28/11/2023 09:34,Uppingham,Ann Kim,"Large Speciality Tea - Green - 1.60, Large Hot chocolate - 2.90, Large Red Label tea - 1.80, Regular Cortado - 2.05",8.35,CASH,
28/11/2023 09:35,Uppingham,Beatrice Martin,"Regular Speciality Tea - Peppermint - 1.30, Regular Cortado - 2.05",3.35,CASH,
28/11/2023 09:36,Uppingham,Robert Green,"Regular Flavoured hot chocolate - Vanilla - 2.60, Regular Smoothies - Berry Beautiful - 2.00, Large Red Label tea - 1.80, Large Flavoured latte - Hazelnut - 2.85, Large Smoothies - Berry Beautiful - 2.50, Large Flavoured latte - Caramel - 2.85",14.6,CARD,8815010030846957
28/11/2023 09:37,Uppingham,Edward Harmon,"Regular Smoothies - Berry Beautiful - 2.00, Large Flavoured hot chocolate - Vanilla - 2.90, Large Flavoured latte - Caramel - 2.85, Large Speciality Tea - Green - 1.60, Regular Mocha - 2.30, Regular Red Label tea - 1.20",12.85,CASH,
28/11/2023 09:38,Uppingham,Steven Clare,"Large Cortado - 2.35, Large Speciality Tea - Green - 1.60",3.95,CARD,3715696033663349
28/11/2023 09:39,Uppingham,Rosemary Morgan,Large Flavoured latte - Hazelnut - 2.85,2.85,CARD,1171917083340328
28/11/2023 09:40,Uppingham,Christopher Sumlin,"Regular Cortado - 2.05, Large Flavoured hot chocolate - Vanilla - 2.90, Large Red Label tea - 1.80, Regular Speciality Tea - Peppermint - 1.30",8.05,CASH,
28/11/2023 09:41,Uppingham,Patricia Black,"Large Speciality Tea - Green - 1.60, Regular Flavoured latte - Caramel - 2.55, Large Speciality Tea - Green - 1.60, Regular Flavoured hot chocolate - Vanilla - 2.60",8.35,CASH,
28/11/2023 09:42,Uppingham,Annie Thompson,"Regular Hot chocolate - 2.20, Large Red Label tea - 1.80, Large Smoothies - Berry Beautiful - 2.50",6.5,CARD,2792826246945721
28/11/2023 09:43,Uppingham,Patricia Cordoua,"Large Flavoured latte - Hazelnut - 2.85, Regular Mocha - 2.30",5.15,CASH,
28/11/2023 09:44,Uppingham,George Mueller,"Large Flavoured hot chocolate - Vanilla - 2.90, Regular Flavoured latte - Caramel - 2.55",5.45,CARD,1810247586702374
28/11/2023 09:45,Uppingham,James Morgan,"Large Flavoured latte - Hazelnut - 2.85, Regular Cortado - 2.05, Large Flavoured hot chocolate - Vanilla - 2.90, Large Cortado - 2.35, Large Hot chocolate - 2.90",13.05,CASH,
28/11/2023 09:46,Uppingham,Roger Keaney,"Regular Mocha - 2.30, Large Red Label tea - 1.80, Large Hot chocolate - 2.90",7.0,CASH,
28/11/2023 09:47,Uppingham,Rebecca Forrest,"Large Flavoured latte - Hazelnut - 2.85, Regular Flavoured latte - Hazelnut - 2.55, Large Red Label tea - 1.80, Large Cortado - 2.35, Regular Mocha - 2.30, Regular Smoothies - Berry Beautiful - 2.00",13.85,CARD,7312406263053494
28/11/2023 09:48,Uppingham,Mark Hart,"Large Cortado - 2.35, Large Flavoured latte - Caramel - 2.85",5.2,CASH,
28/11/2023 09:49,Uppingham,Hollis Naquin,Regular Cortado - 2.05,2.05,CASH,
28/11/2023 09:50,Uppingham,Denise Pagan,"Regular Flavoured latte - Caramel - 2.55, Regular Flavoured latte - Hazelnut - 2.55, Large Hot chocolate - 2.90",8.0,CARD,1716668225321237
28/11/2023 09:51,Uppingham,Calvin Parrish,"Large Speciality Tea - Green - 1.60, Regular Flavoured latte - Caramel - 2.55, Regular Flavoured hot chocolate - Vanilla - 2.60, Regular Red Label tea - 1.20, Regular Speciality Tea - Green - 1.30",9.25,CARD,1323263748900315
28/11/2023 09:52,Uppingham,James Meyer,"Large Hot chocolate - 2.90, Large Flavoured latte - Caramel - 2.85, Large Cortado - 2.35, Large Flavoured latte - Hazelnut - 2.85, Large Flavoured latte - Hazelnut - 2.85, Regular Flavoured latte - Caramel - 2.55",16.35,CASH,
28/11/2023 09:53,Uppingham,Breanna Rudio,Regular Hot chocolate - 2.20,2.2,CASH,
28/11/2023 09:54,Uppingham,Jennifer Booker,Regular Speciality Tea - Green - 1.30,1.3,CARD,8865537051210823
28/11/2023 09:55,Uppingham,Sarah Han,"Large Mocha - 2.70, Large Smoothies - Berry Beautiful - 2.50, Large Cortado - 2.35, Regular Red Label tea - 1.20",8.75,CASH,
28/11/2023 09:56,Uppingham,Angelia Sanchez,"Large Hot chocolate - 2.90, Regular Red Label tea - 1.20, Regular Cortado - 2.05",6.15,CASH,
28/11/2023 09:57,Uppingham,Rana Morris,"Large Flavoured latte - Caramel - 2.85, Large Flavoured latte - Caramel - 2.85",5.7,CARD,9640955698533389
28/11/2023 09:58,Uppingham,Edwin Pugsley,"Large Smoothies - Berry Beautiful - 2.50, Large Mocha - 2.70",5.2,CASH,
28/11/2023 09:59,Uppingham,Mary Lewis,"Large Hot chocolate - 2.90, Regular Speciality Tea - Peppermint - 1.30, Large Hot chocolate - 2.90, Large Speciality Tea - Peppermint - 1.60, Large Cortado - 2.35",11.05,CARD,6241802869271804
28/11/2023 10:01,Uppingham,Dorothy Whyms,"Regular Flavoured latte - Hazelnut - 2.55, Regular Flavoured latte - Hazelnut - 2.55",5.1,CARD,5762078706052891
28/11/2023 10:02,Uppingham,Marcia Mueller,"Regular Smoothies - Berry Beautiful - 2.00, Regular Flavoured hot chocolate - Vanilla - 2.60, Regular Speciality Tea - Green - 1.30, Large Cortado - 2.35, Large Smoothies - Berry Beautiful - 2.50",10.75,CARD,6132692654802310
28/11/2023 10:03,Uppingham,Florence Brown,"Regular Mocha - 2.30, Large Red Label tea - 1.80, Regular Red Label tea - 1.20",5.3,CARD,3976209375676729
28/11/2023 10:04,Uppingham,Eric Swallow,"Regular Smoothies - Berry Beautiful - 2.00, Large Flavoured latte - Hazelnut - 2.85, Large Speciality Tea - Green - 1.60",6.45,CARD,5720933437753996
28/11/2023 10:06,Uppingham,Steven Monterio,"Large Flavoured latte - Caramel - 2.85, Regular Hot chocolate - 2.20, Regular Speciality Tea - Peppermint - 1.30, Large Cortado - 2.35, Large Flavoured latte - Caramel - 2.85",11.55,CASH,
28/11/2023 10:07,Uppingham,Christopher Camak,"Regular Hot chocolate - 2.20, Regular Smoothies - Berry Beautiful - 2.00, Regular Speciality Tea - Green - 1.30, Large Speciality Tea - Green - 1.60, Regular Flavoured hot chocolate - Vanilla - 2.60, Large Cortado - 2.35",12.05,CARD,7162035777595336
28/11/2023 10:08,Uppingham,Charles Mckillip,Large Speciality Tea - Green - 1.60,1.6,CARD,4861831963157165
28/11/2023 10:09,Uppingham,George Ramirez,"Regular Cortado - 2.05, Large Smoothies - Berry Beautiful - 2.50, Regular Red Label tea - 1.20, Large Hot chocolate - 2.90",8.65,CASH,
28/11/2023 10:11,Uppingham,James Sheppard,Large Cortado - 2.35,2.35,CASH,
28/11/2023 10:12,Uppingham,Caroline Ramirez,"Regular Speciality Tea - Peppermint - 1.30, Regular Hot chocolate - 2.20, Large Speciality Tea - Green - 1.60, Large Hot chocolate - 2.90",8.0,CARD,9219381094345670
28/11/2023 10:13,Uppingham,Kristen Salano,"Large Speciality Tea - Peppermint - 1.60, Large Smoothies - Berry Beautiful - 2.50",4.1,CARD,3895415629203252
28/11/2023 10:14,Uppingham,Renetta Dennis,Large Smoothies - Berry Beautiful - 2.50,2.5,CARD,4168687825386828
28/11/2023 10:16,Uppingham,Phillip Johnston,"Large Speciality Tea - Peppermint - 1.60, Large Hot chocolate - 2.90",4.5,CARD,1006411740239541
28/11/2023 10:17,Uppingham,Diana Estes,"Large Mocha - 2.70, Regular Speciality Tea - Green - 1.30",4.0,CARD,9700000687677042
28/11/2023 10:18,Uppingham,Susan Gebo,"Regular Smoothies - Berry Beautiful - 2.00, Regular Flavoured latte - Hazelnut - 2.55, Regular Speciality Tea - Green - 1.30, Regular Speciality Tea - Peppermint - 1.30",7.15,CARD,7329535270566047
28/11/2023 10:19,Uppingham,Johnny Miers,"Regular Red Label tea - 1.20, Large Cortado - 2.35",3.55,CARD,5133054260793195
28/11/2023 10:21,Uppingham,Russell Blatt,"Large Speciality Tea - Peppermint - 1.60, Regular Hot chocolate - 2.20, Large Speciality Tea - Green - 1.60",5.4,CASH,
28/11/2023 10:22,Uppingham,Richard Bjornson,"Regular Cortado - 2.05, Regular Flavoured latte - Caramel - 2.55, Large Hot chocolate - 2.90",7.5,CARD,2254890597070665
28/11/2023 10:23,Uppingham,Barbara Wilson,"Large Mocha - 2.70, Large Flavoured hot chocolate - Vanilla - 2.90",5.6,CARD,7390654732745187
28/11/2023 10:24,Uppingham,Patsy Fitzhugh,"Large Hot chocolate - 2.90, Large Cortado - 2.35, Regular Red Label tea - 1.20, Regular Mocha - 2.30",8.75,CARD,9710810826386372
28/11/2023 10:26,Uppingham,Rachel Wilson,"Large Smoothies - Berry Beautiful - 2.50, Regular Mocha - 2.30, Regular Mocha - 2.30, Large Cortado - 2.35",9.45,CARD,2446826712727770
28/11/2023 10:27,Uppingham,William Garvey,"Large Speciality Tea - Peppermint - 1.60, Regular Flavoured latte - Hazelnut - 2.55, Regular Cortado - 2.05",6.2,CARD,3213400342712062
28/11/2023 10:28,Uppingham,Carolina Kretchmar,Regular Cortado - 2.05,2.05,CASH,
28/11/2023 10:29,Uppingham,Alice Larios,"Large Flavoured latte - Hazelnut - 2.85, Large Mocha - 2.70, Large Speciality Tea - Peppermint - 1.60, Large Flavoured latte - Hazelnut - 2.85",10.0,CASH,
28/11/2023 10:31,Uppingham,Leroy White,"Large Flavoured hot chocolate - Vanilla - 2.90, Regular Red Label tea - 1.20, Large Hot chocolate - 2.90",7.0,CARD,6674493498568969
28/11/2023 10:32,Uppingham,Michael Welch,"Large Cortado - 2.35, Regular Red Label tea - 1.20, Large Speciality Tea - Peppermint - 1.60",5.15,CARD,9631262492947876
28/11/2023 10:33,Uppingham,Shawn Marino,"Large Hot chocolate - 2.90, Large Flavoured latte - Hazelnut - 2.85, Large Red Label tea - 1.80, Large Speciality Tea - Green - 1.60, Large Cortado - 2.35, Large Hot chocolate - 2.90",14.4,CARD,1206240724789985
28/11/2023 10:34,Uppingham,Shaun Remington,Regular Speciality Tea - Green - 1.30,1.3,CARD,4659514065369023
28/11/2023 10:36,Uppingham,Manuel Monroe,"Large Hot chocolate - 2.90, Large Speciality Tea - Green - 1.60, Large Red Label tea - 1.80, Large Flavoured latte - Hazelnut - 2.85",9.15,CARD,4550914511916226
28/11/2023 10:37,Uppingham,Jack Mellon,"Regular Hot chocolate - 2.20, Large Flavoured latte - Hazelnut - 2.85, Regular Speciality Tea - Green - 1.30, Large Mocha - 2.70, Large Red Label tea - 1.80, Regular Flavoured latte - Caramel - 2.55",13.4,CASH,
28/11/2023 10:38,Uppingham,Rodney Messing,Large Hot chocolate - 2.90,2.9,CASH,
28/11/2023 10:39,Uppingham,Mary Franco,"Large Hot chocolate - 2.90, Large Flavoured hot chocolate - Vanilla - 2.90, Regular Speciality Tea - Green - 1.30",7.1,CARD,9391674946881944
28/11/2023 10:41,Uppingham,Teresa Bounds,"Regular Smoothies - Berry Beautiful - 2.00, Large Red Label tea - 1.80, Large Cortado - 2.35",6.15,CASH,
28/11/2023 10:42,Uppingham,Norma Vella,"Regular Red Label tea - 1.20, Large Hot chocolate - 2.90, Large Speciality Tea - Peppermint - 1.60, Regular Red Label tea - 1.20",6.9,CARD,6155044262029710
28/11/2023 10:43,Uppingham,Fred Ruiz,"Regular Smoothies - Berry Beautiful - 2.00, Large Speciality Tea - Peppermint - 1.60, Large Flavoured hot chocolate - Vanilla - 2.90",6.5,CARD,6675357718493354
28/11/2023 10:44,Uppingham,Evelyn Hicks,Large Red Label tea - 1.80,1.8,CARD,8961488815139982
28/11/2023 10:46,Uppingham,Roberta Hoover,"Large Speciality Tea - Peppermint - 1.60, Large Speciality Tea - Peppermint - 1.60, Large Cortado - 2.35",5.55,CARD,4626060087180694
28/11/2023 10:47,Uppingham,Thomas Holm,"Large Hot chocolate - 2.90, Regular Speciality Tea - Green - 1.30",4.2,CARD,1781961848804310
28/11/2023 10:48,Uppingham,Molly Smith,Large Mocha - 2.70,2.7,CARD,2182491860345064
28/11/2023 10:49,Uppingham,Anne Negron,"Regular Hot chocolate - 2.20, Large Mocha - 2.70",4.9,CASH,
28/11/2023 10:51,Uppingham,John Queen,"Regular Flavoured latte - Hazelnut - 2.55, Large Flavoured latte - Hazelnut - 2.85, Large Hot chocolate - 2.90, Regular Flavoured latte - Hazelnut - 2.55",10.85,CASH,
28/11/2023 10:52,Uppingham,Eric Charles,"Large Flavoured latte - Caramel - 2.85, Regular Red Label tea - 1.20, Large Mocha - 2.70, Regular Red Label tea - 1.20",7.95,CARD,5373956420392654
28/11/2023 10:53,Uppingham,Karen Cadwallader,Regular Red Label tea - 1.20,1.2,CARD,8922823852500951
28/11/2023 10:54,Uppingham,Mary Davis,"Large Flavoured latte - Hazelnut - 2.85, Large Mocha - 2.70",5.55,CASH,
28/11/2023 10:56,Uppingham,Christine Tedrow,"Large Flavoured latte - Hazelnut - 2.85, Regular Flavoured latte - Caramel - 2.55",5.4,CARD,3905933538205018
28/11/2023 10:57,Uppingham,Harold Rybowiak,"Regular Speciality Tea - Green - 1.30, Regular Mocha - 2.30, Regular Hot chocolate - 2.20",5.8,CARD,1974508213878391
28/11/2023 10:58,Uppingham,Ramon Nyquist,"Regular Flavoured latte - Hazelnut - 2.55, Regular Mocha - 2.30",4.85,CARD,4785697968733986
28/11/2023 10:59,Uppingham,Sonia Ricker,"Regular Cortado - 2.05, Regular Speciality Tea - Peppermint - 1.30",3.35,CARD,4602249081888376
28/11/2023 11:01,Uppingham,Frank Sam,"Large Mocha - 2.70, Large Speciality Tea - Green - 1.60, Regular Hot chocolate - 2.20, Regular Flavoured hot chocolate - Vanilla - 2.60, Regular Flavoured latte - Hazelnut - 2.55",11.65,CASH,
28/11/2023 11:03,Uppingham,Kimberley Mercer,"Regular Hot chocolate - 2.20, Large Red Label tea - 1.80, Regular Flavoured hot chocolate - Vanilla - 2.60, Large Red Label tea - 1.80, Regular Speciality Tea - Green - 1.30, Large Speciality Tea - Peppermint - 1.60",11.3,CARD,3818965166499428
28/11/2023 11:05,Uppingham,Rhonda Rael,Large Red Label tea - 1.80,1.8,CASH,
28/11/2023 11:07,Uppingham,Melinda Volk,"Regular Flavoured latte - Caramel - 2.55, Large Smoothies - Berry Beautiful - 2.50, Regular Red Label tea - 1.20, Large Mocha - 2.70",8.95,CASH,
28/11/2023 11:09,Uppingham,Patti Sager,Regular Smoothies - Berry Beautiful - 2.00,2.0,CASH,
28/11/2023 11:11,Uppingham,Martha Harding,Large Flavoured latte - Hazelnut - 2.85,2.85,CARD,8145579096436498
28/11/2023 11:13,Uppingham,Joanna Spady,"Large Speciality Tea - Peppermint - 1.60, Large Cortado - 2.35, Regular Hot chocolate - 2.20",6.15,CARD,9367774479393683
28/11/2023 11:15,Uppingham,Brady Chapa,Large Cortado - 2.35,2.35,CARD,2451610185455103
28/11/2023 11:17,Uppingham,Richard Wang,"Regular Flavoured latte - Caramel - 2.55, Large Speciality Tea - Green - 1.60",4.15,CASH,
28/11/2023 11:19,Uppingham,Richard Gonzalez,"Large Speciality Tea - Green - 1.60, Regular Cortado - 2.05, Large Mocha - 2.70",6.35,CARD,3876078281490666
28/11/2023 11:21,Uppingham,Kristi Holder,"Regular Hot chocolate - 2.20, Regular Flavoured hot chocolate - Vanilla - 2.60, Regular Speciality Tea - Peppermint - 1.30",6.1,CARD,3805856765197891
28/11/2023 11:23,Uppingham,Maria Collingwood,"Large Speciality Tea - Green - 1.60, Regular Cortado - 2.05, Large Flavoured latte - Hazelnut - 2.85",6.5,CARD,1095849608126403
28/11/2023 11:25,Uppingham,Nicole Mccullough,"Large Speciality Tea - Peppermint - 1.60, Large Speciality Tea - Green - 1.60",3.2,CARD,5692501691191726
28/11/2023 11:27,Uppingham,Stephen Abrego,"Regular Speciality Tea - Peppermint - 1.30, Regular Mocha - 2.30, Regular Red Label tea - 1.20",4.8,CARD,7610294587575574
28/11/2023 11:29,Uppingham,Jose Sheller,Regular Mocha - 2.30,2.3,CARD,2748442294577022
28/11/2023 11:31,Uppingham,Thomas Tapia,"Large Flavoured latte - Caramel - 2.85, Regular Flavoured latte - Hazelnut - 2.55, Large Flavoured latte - Hazelnut - 2.85",8.25,CARD,6731704007658432
28/11/2023 11:33,Uppingham,Walter Moore,"Large Speciality Tea - Green - 1.60, Large Flavoured latte - Caramel - 2.85",4.45,CARD,7721053350444949
28/11/2023 11:35,Uppingham,Willie Kroll,Large Flavoured latte - Hazelnut - 2.85,2.85,CARD,7312729329750503
28/11/2023 11:37,Uppingham,Joanna Berry,"Large Red Label tea - 1.80, Regular Flavoured latte - Hazelnut - 2.55, Regular Flavoured hot chocolate - Vanilla - 2.60, Large Speciality Tea - Peppermint - 1.60, Regular Speciality Tea - Green - 1.30",9.85,CASH,
28/11/2023 11:39,Uppingham,Louis Sepulveda,"Large Hot chocolate - 2.90, Regular Mocha - 2.30",5.2,CARD,4601641830929970
28/11/2023 11:41,Uppingham,Linda Ertel,"Regular Mocha - 2.30, Large Flavoured latte - Hazelnut - 2.85, Large Smoothies - Berry Beautiful - 2.50, Large Speciality Tea - Green - 1.60",9.25,CARD,6203428228069862
28/11/2023 11:43,Uppingham,Jessica Cheever,"Regular Flavoured latte - Caramel - 2.55, Large Mocha - 2.70, Regular Mocha - 2.30, Large Mocha - 2.70",10.25,CASH,
28/11/2023 11:45,Uppingham,Erin Potter,"Large Hot chocolate - 2.90, Large Smoothies - Berry Beautiful - 2.50",5.4,CARD,2323756278480288
28/11/2023 11:47,Uppingham,Brenda Kurtz,"Large Hot chocolate - 2.90, Regular Flavoured hot chocolate - Vanilla - 2.60, Large Smoothies - Berry Beautiful - 2.50",8.0,CARD,5388442557135729
28/11/2023 11:49,Uppingham,Shirley Puryear,"Regular Speciality Tea - Green - 1.30, Regular Speciality Tea - Green - 1.30, Regular Mocha - 2.30",4.9,CASH,
28/11/2023 11:51,Uppingham,Brian Douglas,"Large Smoothies - Berry Beautiful - 2.50, Large Mocha - 2.70, Large Red Label tea - 1.80, Regular Mocha - 2.30, Large Flavoured latte - Hazelnut - 2.85",12.15,CASH,
28/11/2023 11:53,Uppingham,Charles Tsosie,"Large Cortado - 2.35, Large Flavoured latte - Caramel - 2.85, Large Flavoured latte - Caramel - 2.85",8.05,CASH,
28/11/2023 11:55,Uppingham,Virginia Branch,"Large Speciality Tea - Green - 1.60, Regular Speciality Tea - Green - 1.30",2.9,CASH,
28/11/2023 11:57,Uppingham,Laura Roger,"Large Cortado - 2.35, Large Hot chocolate - 2.90",5.25,CARD,7130282693701113
28/11/2023 11:59,Uppingham,Max Hutchins,"Large Flavoured hot chocolate - Vanilla - 2.90, Regular Hot chocolate - 2.20",5.1,CARD,3545147209904354
28/11/2023 12:01,Uppingham,Robert Span,Large Speciality Tea - Green - 1.60,1.6,CARD,4034577183417751
28/11/2023 12:04,Uppingham,Kieth Milam,"Large Red Label tea - 1.80, Regular Flavoured latte - Hazelnut - 2.55, Large Flavoured latte - Caramel - 2.85, Large Hot chocolate - 2.90, Regular Hot chocolate - 2.20",12.3,CARD,1854720867976665
28/11/2023 12:07,Uppingham,Harriet Ertz,"Regular Speciality Tea - Peppermint - 1.30, Large Flavoured latte - Hazelnut - 2.85, Large Flavoured hot chocolate - Vanilla - 2.90, Large Hot chocolate - 2.90",9.95,CARD,4151913915379061
28/11/2023 12:10,Uppingham,Irvin Martin,Regular Hot chocolate - 2.20,2.2,CARD,9914950138086822
28/11/2023 12:13,Uppingham,Ruby Dooley,"Large Hot chocolate - 2.90, Large Mocha - 2.70, Regular Speciality Tea - Green - 1.30",6.9,CARD,3023253584749778
28/11/2023 12:16,Uppingham,Heather Burch,Large Red Label tea - 1.80,1.8,CARD,7932801318290290
28/11/2023 12:19,Uppingham,Carl Robinson,Large Speciality Tea - Green - 1.60,1.6,CARD,3174872927727578
28/11/2023 12:23,Uppingham,Bill Hobbs,"Regular Smoothies - Berry Beautiful - 2.00, Regular Hot chocolate - 2.20, Large Hot chocolate - 2.90",7.1,CARD,9347156907692930
28/11/2023 12:26,Uppingham,Kerry Brennan,"Large Red Label tea - 1.80, Regular Cortado - 2.05, Large Hot chocolate - 2.90",6.75,CARD,4642733757033357
28/11/2023 12:29,Uppingham,Robert Steger,"Large Flavoured latte - Hazelnut - 2.85, Large Smoothies - Berry Beautiful - 2.50, Regular Mocha - 2.30, Large Flavoured latte - Caramel - 2.85",10.5,CASH,
28/11/2023 12:32,Uppingham,Edward Kinder,"Large Red Label tea - 1.80, Regular Speciality Tea - Peppermint - 1.30",3.1,CASH,
28/11/2023 12:35,Uppingham,Jill Ball,"Large Smoothies - Berry Beautiful - 2.50, Large Smoothies - Berry Beautiful - 2.50",5.0,CARD,4978970626865867
28/11/2023 12:38,Uppingham,Michael Ferrer,"Regular Speciality Tea - Green - 1.30, Large Mocha - 2.70, Regular Smoothies - Berry Beautiful - 2.00, Regular Speciality Tea - Green - 1.30, Regular Flavoured hot chocolate - Vanilla - 2.60",9.9,CASH,
28/11/2023 12:41,Uppingham,William Johnson,Large Flavoured latte - Hazelnut - 2.85,2.85,CASH,
28/11/2023 12:45,Uppingham,James Cooper,"Regular Smoothies - Berry Beautiful - 2.00, Large Hot chocolate - 2.90",4.9,CARD,3558926618393134
28/11/2023 12:48,Uppingham,Randall Mccullar,"Regular Speciality Tea - Peppermint - 1.30, Large Flavoured latte - Hazelnut - 2.85",4.15,CARD,1540698372322338
28/11/2023 12:51,Uppingham,Shannon Hoang,"Regular Smoothies - Berry Beautiful - 2.00, Large Hot chocolate - 2.90",4.9,CARD,6510241410920094
28/11/2023 12:54,Uppingham,Linda Hicks,"Regular Mocha - 2.30, Regular Flavoured hot chocolate - Vanilla - 2.60",4.9,CARD,8873095943433341
28/11/2023 12:57,Uppingham,Kathy Purcell,Regular Mocha - 2.30,2.3,CARD,6038092014545349
28/11/2023 13:00,Uppingham,Terry Oden,Regular Speciality Tea - Peppermint - 1.30,1.3,CASH,
28/11/2023 13:02,Uppingham,Ma Sprankle,Regular Speciality Tea - Peppermint - 1.30,1.3,CARD,9641578520164032
28/11/2023 13:04,Uppingham,Maria Singletary,"Large Flavoured hot chocolate - Vanilla - 2.90, Regular Flavoured latte - Hazelnut - 2.55, Large Smoothies - Berry Beautiful - 2.50, Regular Flavoured latte - Hazelnut - 2.55, Regular Smoothies - Berry Beautiful - 2.00",12.5,CARD,7032454046893551
28/11/2023 13:06,Uppingham,Eunice Hallett,"Regular Mocha - 2.30, Regular Speciality Tea - Green - 1.30",3.6,CARD,2800527913580994
28/11/2023 13:08,Uppingham,Rosemary Parrott,"Large Flavoured hot chocolate - Vanilla - 2.90, Regular Speciality Tea - Green - 1.30, Large Flavoured latte - Caramel - 2.85, Large Flavoured latte - Hazelnut - 2.85, Large Speciality Tea - Green - 1.60, Regular Mocha - 2.30",13.8,CARD,6140548616097920
28/11/2023 13:10,Uppingham,Virginia Herrick,"Large Red Label tea - 1.80, Regular Flavoured latte - Caramel - 2.55",4.35,CARD,5684715734677745
28/11/2023 13:12,Uppingham,Elizabeth Laidlaw,Large Red Label tea - 1.80,1.8,CARD,7150994622712127
28/11/2023 13:13,Uppingham,Alene Smith,"Regular Flavoured latte - Caramel - 2.55, Regular Cortado - 2.05",4.6,CARD,9976162251029396
28/11/2023 13:15,Uppingham,Arthur Roosevelt,"Large Red Label tea - 1.80, Regular Flavoured latte - Hazelnut - 2.55, Regular Cortado - 2.05, Regular Hot chocolate - 2.20",8.6,CARD,9523678009180613
28/11/2023 13:17,Uppingham,Tyrone Astorga,"Regular Smoothies - Berry Beautiful - 2.00, Large Mocha - 2.70, Regular Red Label tea - 1.20, Regular Cortado - 2.05, Regular Flavoured latte - Hazelnut - 2.55",10.5,CARD,6076037687498704
28/11/2023 13:19,Uppingham,Brandon Peterson,"Regular Speciality Tea - Green - 1.30, Regular Red Label tea - 1.20, Regular Flavoured latte - Caramel - 2.55, Large Cortado - 2.35, Regular Hot chocolate - 2.20",9.6,CARD,1828266674954942
28/11/2023 13:21,Uppingham,Mary Chandler,Regular Speciality Tea - Peppermint - 1.30,1.3,CARD,2552067099323259
28/11/2023 13:23,Uppingham,Pearl Jordan,"Large Flavoured hot chocolate - Vanilla - 2.90, Regular Speciality Tea - Peppermint - 1.30, Regular Flavoured hot chocolate - Vanilla - 2.60",6.8,CARD,2047293202883110
28/11/2023 13:25,Uppingham,Salvador Lee,"Regular Speciality Tea - Green - 1.30, Regular Smoothies - Berry Beautiful - 2.00, Large Smoothies - Berry Beautiful - 2.50, Large Flavoured latte - Hazelnut - 2.85, Large Cortado - 2.35, Regular Hot chocolate - 2.20",13.2,CARD,8239306861803900
28/11/2023 13:26,Uppingham,Michael Kahn,"Regular Hot chocolate - 2.20, Large Red Label tea - 1.80",4.0,CASH,
28/11/2023 13:28,Uppingham,Charles Peoples,"Regular Flavoured latte - Caramel - 2.55, Large Smoothies - Berry Beautiful - 2.50",5.05,CARD,1755079228306746
28/11/2023 13:30,Uppingham,Imogene Eschen,"Regular Speciality Tea - Peppermint - 1.30, Large Cortado - 2.35, Regular Flavoured latte - Caramel - 2.55",6.2,CASH,
28/11/2023 13:32,Uppingham,Matthew Hudson,Regular Speciality Tea - Peppermint - 1.30,1.3,CARD,9123079273550547
28/11/2023 13:34,Uppingham,Bridget Eberle,"Large Hot chocolate - 2.90, Regular Speciality Tea - Peppermint - 1.30, Large Smoothies - Berry Beautiful - 2.50, Large Red Label tea - 1.80, Regular Speciality Tea - Peppermint - 1.30, Large Hot chocolate - 2.90",12.7,CARD,3456235024934296
28/11/2023 13:36,Uppingham,Gonzalo Allen,Regular Flavoured latte - Caramel - 2.55,2.55,CARD,7511256895708170
28/11/2023 13:38,Uppingham,Kevin Unknow,"Regular Flavoured latte - Hazelnut - 2.55, Regular Flavoured hot chocolate - Vanilla - 2.60, Regular Red Label tea - 1.20",6.35,CASH,
28/11/2023 13:40,Uppingham,Arnold Lee,Large Hot chocolate - 2.90,2.9,CARD,1449776288037871
28/11/2023 13:41,Uppingham,Robert Conyer,"Large Hot chocolate - 2.90, Regular Flavoured latte - Hazelnut - 2.55, Regular Mocha - 2.30",7.75,CARD,5694774612111131
28/11/2023 13:43,Uppingham,John Ly,"Large Flavoured latte - Caramel - 2.85, Large Red Label tea - 1.80",4.65,CARD,3839852498770823
28/11/2023 13:45,Uppingham,Charles Garza,Large Hot chocolate - 2.90,2.9,CARD,7190042147026232
28/11/2023 13:47,Uppingham,Latonya Littlefield,"Regular Red Label tea - 1.20, Regular Speciality Tea - Peppermint - 1.30, Regular Cortado - 2.05, Regular Speciality Tea - Green - 1.30",5.85,CASH,
28/11/2023 13:49,Uppingham,Edward Morales,"Regular Hot chocolate - 2.20, Large Speciality Tea - Green - 1.60",3.8,CASH,
28/11/2023 13:51,Uppingham,Donald Robinson,"Regular Flavoured hot chocolate - Vanilla - 2.60, Large Red Label tea - 1.80, Large Hot chocolate - 2.90",7.3,CARD,7710073820417211
28/11/2023 13:53,Uppingham,Robert Custer,Large Red Label tea - 1.80,1.8,CARD,3852713290550768
28/11/2023 13:54,Uppingham,Gabriel Snyder,"Large Speciality Tea - Green - 1.60, Regular Mocha - 2.30, Large Flavoured latte - Hazelnut - 2.85, Large Hot chocolate - 2.90",9.65,CARD,9152290968593731
28/11/2023 13:56,Uppingham,Anita Mahone,Large Flavoured latte - Caramel - 2.85,2.85,CASH,
28/11/2023 13:58,Uppingham,Taylor Branch,"Large Mocha - 2.70, Large Flavoured latte - Caramel - 2.85, Regular Red Label tea - 1.20, Large Hot chocolate - 2.90, Large Mocha - 2.70",12.35,CARD,6485931264642825
28/11/2023 14:00,Uppingham,Teresa Goulden,"Large Flavoured hot chocolate - Vanilla - 2.90, Regular Cortado - 2.05, Regular Flavoured latte - Caramel - 2.55",7.5,CASH,
28/11/2023 14:03,Uppingham,Gabrielle Kendrick,"Large Hot chocolate - 2.90, Regular Cortado - 2.05, Large Speciality Tea - Green - 1.60, Regular Flavoured hot chocolate - Vanilla - 2.60, Regular Speciality Tea - Green - 1.30",10.45,CARD,8770994801934474
28/11/2023 14:07,Uppingham,Bertha Shuler,"Large Speciality Tea - Green - 1.60, Regular Flavoured latte - Hazelnut - 2.55, Large Speciality Tea - Green - 1.60",5.75,CARD,7658336691858926
28/11/2023 14:10,Uppingham,David Swartz,Regular Speciality Tea - Green - 1.30,1.3,CARD,2435400329018163
28/11/2023 14:13,Uppingham,Matthew Brown,"Regular Flavoured latte - Hazelnut - 2.55, Regular Speciality Tea - Peppermint - 1.30, Regular Red Label tea - 1.20, Large Flavoured latte - Caramel - 2.85",7.9,CARD,2978527173657332
28/11/2023 14:17,Uppingham,Alejandro Wilson,"Regular Red Label tea - 1.20, Large Flavoured latte - Caramel - 2.85",4.05,CARD,7894908878875498
28/11/2023 14:20,Uppingham,David Lapointe,"Large Hot chocolate - 2.90, Large Flavoured hot chocolate - Vanilla - 2.90, Large Flavoured hot chocolate - Vanilla - 2.90, Regular Cortado - 2.05",10.75,CARD,8898554735382829
28/11/2023 14:23,Uppingham,Kathleen Leyrer,"Large Mocha - 2.70, Large Hot chocolate - 2.90",5.6,CARD,2305839599316844
28/11/2023 14:27,Uppingham,Pauline Carr,Large Speciality Tea - Peppermint - 1.60,1.6,CARD,2812236502873733
28/11/2023 14:30,Uppingham,Kelly Philpot,"Large Cortado - 2.35, Large Speciality Tea - Peppermint - 1.60, Large Red Label tea - 1.80, Regular Cortado - 2.05, Large Flavoured hot chocolate - Vanilla - 2.90",10.7,CARD,5836493838684787
28/11/2023 14:33,Uppingham,Leah Tharp,"Regular Hot chocolate - 2.20, Regular Flavoured hot chocolate - Vanilla - 2.60",4.8,CARD,2790166212738054
28/11/2023 14:37,Uppingham,Dale Lopez,"Large Cortado - 2.35, Large Flavoured latte - Hazelnut - 2.85",5.2,CASH,
28/11/2023 14:40,Uppingham,Mattie Richards,"Regular Smoothies - Berry Beautiful - 2.00, Large Flavoured hot chocolate - Vanilla - 2.90",4.9,CARD,8679470725999255
28/11/2023 14:43,Uppingham,Barbara Jamison,"Large Cortado - 2.35, Large Cortado - 2.35, Regular Speciality Tea - Green - 1.30",6.0,CASH,
28/11/2023 14:47,Uppingham,Columbus Mckenna,"Regular Flavoured latte - Caramel - 2.55, Large Flavoured latte - Caramel - 2.85, Large Hot chocolate - 2.90, Large Flavoured hot chocolate - Vanilla - 2.90",11.2,CASH,
28/11/2023 14:50,Uppingham,Timothy Cheng,"Large Flavoured latte - Hazelnut - 2.85, Large Flavoured latte - Caramel - 2.85, Large Flavoured hot chocolate - Vanilla - 2.90, Regular Speciality Tea - Peppermint - 1.30, Regular Flavoured latte - Hazelnut - 2.55",12.45,CARD,3083268410532573
28/11/2023 14:53,Uppingham,Latasha Houseal,"Large Mocha - 2.70, Large Speciality Tea - Green - 1.60, Regular Hot chocolate - 2.20, Regular Speciality Tea - Green - 1.30, Large Mocha - 2.70, Large Cortado - 2.35",12.85,CARD,5802893088768487
28/11/2023 14:57,Uppingham,William Johnson,"Large Speciality Tea - Green - 1.60, Large Mocha - 2.70",4.3,CARD,5831658735123591
28/11/2023 15:00,Uppingham,John Tarleton,"Regular Mocha - 2.30, Large Mocha - 2.70, Large Flavoured latte - Caramel - 2.85",7.85,CASH,
28/11/2023 15:03,Uppingham,Elias Moore,"Regular Red Label tea - 1.20, Regular Red Label tea - 1.20, Large Flavoured latte - Caramel - 2.85",5.25,CARD,7242264155780136
28/11/2023 15:07,Uppingham,Jeffrey Carrere,Regular Flavoured latte - Hazelnut - 2.55,2.55,CASH,
28/11/2023 15:10,Uppingham,Judy Myers,"Large Mocha - 2.70, Regular Speciality Tea - Peppermint - 1.30",4.0,CARD,3432808835710443
28/11/2023 15:13,Uppingham,Jacqueline Lewis,Regular Flavoured latte - Hazelnut - 2.55,2.55,CASH,
28/11/2023 15:17,Uppingham,Damon Benavidez,"Large Hot chocolate - 2.90, Large Flavoured hot chocolate - Vanilla - 2.90, Regular Hot chocolate - 2.20",8.0,CARD,4213848350978113
28/11/2023 15:20,Uppingham,Erna Davis,"Large Cortado - 2.35, Regular Flavoured latte - Hazelnut - 2.55, Regular Cortado - 2.05, Large Flavoured latte - Hazelnut - 2.85, Regular Cortado - 2.05, Regular Cortado - 2.05",13.9,CARD,6544795684806349
28/11/2023 15:23,Uppingham,Tommy Wright,"Large Cortado - 2.35, Large Flavoured latte - Hazelnut - 2.85",5.2,CARD,7875014751393417
28/11/2023 15:27,Uppingham,William Jones,Regular Hot chocolate - 2.20,2.2,CASH,
28/11/2023 15:30,Uppingham,Norma Sauer,"Large Flavoured latte - Hazelnut - 2.85, Regular Mocha - 2.30, Large Flavoured latte - Hazelnut - 2.85, Regular Cortado - 2.05, Large Speciality Tea - Green - 1.60",11.65,CARD,6734314027325574
28/11/2023 15:33,Uppingham,Janice Barredo,"Large Hot chocolate - 2.90, Large Flavoured latte - Caramel - 2.85",5.75,CARD,5765858867222075
28/11/2023 15:37,Uppingham,Michelle Knepp,"Large Mocha - 2.70, Large Red Label tea - 1.80, Large Mocha - 2.70, Regular Flavoured hot chocolate - Vanilla - 2.60",9.8,CARD,9368641586214087
28/11/2023 15:40,Uppingham,Lashunda Sheffer,"Large Flavoured hot chocolate - Vanilla - 2.90, Large Cortado - 2.35, Regular Flavoured latte - Caramel - 2.55",7.8,CARD,6074807662940998
28/11/2023 15:43,Uppingham,David Wilcox,"Regular Cortado - 2.05, Large Cortado - 2.35, Large Speciality Tea - Green - 1.60",6.0,CARD,3649573286025965
28/11/2023 15:47,Uppingham,Rowena Sharpe,"Regular Speciality Tea - Peppermint - 1.30, Regular Mocha - 2.30, Regular Red Label tea - 1.20",4.8,CARD,9118387492834610
28/11/2023 15:50,Uppingham,Kelly Conner,"Large Mocha - 2.70, Large Cortado - 2.35, Large Hot chocolate - 2.90",7.95,CASH,
28/11/2023 15:53,Uppingham,Robert Mcdonald,"Regular Mocha - 2.30, Large Cortado - 2.35, Regular Flavoured latte - Caramel - 2.55",7.2,CASH,
28/11/2023 15:57,Uppingham,Jackie Smith,"Regular Flavoured latte - Hazelnut - 2.55, Large Mocha - 2.70, Regular Smoothies - Berry Beautiful - 2.00, Regular Flavoured latte - Caramel - 2.55, Large Red Label tea - 1.80",11.6,CARD,3915494593624413
28/11/2023 16:00,Uppingham,Geraldine Tellis,"Large Flavoured latte - Caramel - 2.85, Regular Red Label tea - 1.20, Regular Speciality Tea - Green - 1.30, Regular Speciality Tea - Peppermint - 1.30",6.65,CASH,
28/11/2023 16:02,Uppingham,Karen Walton,"Regular Flavoured latte - Caramel - 2.55, Regular Flavoured hot chocolate - Vanilla - 2.60, Regular Speciality Tea - Peppermint - 1.30, Large Flavoured latte - Hazelnut - 2.85, Regular Flavoured latte - Caramel - 2.55, Large Flavoured latte - Caramel - 2.85",14.7,CARD,3647631309624130
28/11/2023 16:04,Uppingham,Robert Linton,"Large Flavoured hot chocolate - Vanilla - 2.90, Large Cortado - 2.35, Regular Flavoured latte - Hazelnut - 2.55",7.8,CARD,2406256970787937
28/11/2023 16:05,Uppingham,Karie Brubaker,"Large Speciality Tea - Green - 1.60, Large Speciality Tea - Green - 1.60",3.2,CARD,1640374333234407
28/11/2023 16:07,Uppingham,Kelly Griffiths,Large Flavoured hot chocolate - Vanilla - 2.90,2.9,CARD,7879017390208226
28/11/2023 16:09,Uppingham,Wade Fox,"Regular Flavoured latte - Caramel - 2.55, Large Hot chocolate - 2.90",5.45,CARD,3105630755114670
28/11/2023 16:11,Uppingham,Harry Teal,Regular Flavoured latte - Caramel - 2.55,2.55,CASH,
28/11/2023 16:12,Uppingham,James Robinson,Regular Speciality Tea - Peppermint - 1.30,1.3,CASH,
28/11/2023 16:14,Uppingham,Merlyn Carver,"Regular Speciality Tea - Green - 1.30, Regular Flavoured latte - Caramel - 2.55",3.85,CASH,
28/11/2023 16:16,Uppingham,Mark Herrmann,"Regular Flavoured hot chocolate - Vanilla - 2.60, Large Cortado - 2.35, Large Speciality Tea - Peppermint - 1.60, Large Mocha - 2.70",9.25,CARD,1235207958961897
28/11/2023 16:18,Uppingham,Joseph Creech,"Large Speciality Tea - Peppermint - 1.60, Regular Speciality Tea - Peppermint - 1.30",2.9,CASH,
28/11/2023 16:19,Uppingham,Donny Towle,"Large Mocha - 2.70, Large Speciality Tea - Peppermint - 1.60, Large Red Label tea - 1.80",6.1,CASH,
28/11/2023 16:21,Uppingham,Pauline Moore,"Regular Mocha - 2.30, Regular Cortado - 2.05",4.35,CASH,
28/11/2023 16:23,Uppingham,Kenneth Duncan,Large Red Label tea - 1.80,1.8,CARD,9274274927576917
28/11/2023 16:25,Uppingham,Olga Lin,Regular Flavoured latte - Hazelnut - 2.55,2.55,CASH,
28/11/2023 16:26,Uppingham,Daniel Grenier,"Regular Hot chocolate - 2.20, Regular Speciality Tea - Green - 1.30, Large Flavoured hot chocolate - Vanilla - 2.90",6.4,CASH,
28/11/2023 16:28,Uppingham,Theron Bader,Regular Cortado - 2.05,2.05,CARD,4872197720768436
28/11/2023 16:30,Uppingham,Joseph Lutman,"Large Cortado - 2.35, Large Red Label tea - 1.80, Large Mocha - 2.70, Large Flavoured latte - Hazelnut - 2.85, Large Flavoured latte - Caramel - 2.85",12.55,CARD,5092948248992641
28/11/2023 16:32,Uppingham,Megan Jenkins,Regular Red Label tea - 1.20,1.2,CARD,9995607932813204
28/11/2023 16:34,Uppingham,Elise Randall,Regular Smoothies - Berry Beautiful - 2.00,2.0,CASH,
28/11/2023 16:35,Uppingham,Jamie Botello,"Regular Flavoured hot chocolate - Vanilla - 2.60, Regular Mocha - 2.30",4.9,CASH,
28/11/2023 16:37,Uppingham,Richard Miller,"Large Speciality Tea - Green - 1.60, Regular Cortado - 2.05, Regular Speciality Tea - Green - 1.30, Regular Flavoured latte - Hazelnut - 2.55",7.5,CASH,
28/11/2023 16:39,Uppingham,Matthew Adams,"Large Flavoured latte - Hazelnut - 2.85, Regular Flavoured hot chocolate - Vanilla - 2.60, Large Mocha - 2.70",8.15,CASH,
28/11/2023 16:41,Uppingham,James Laitila,Regular Flavoured latte - Hazelnut - 2.55,2.55,CARD,6999709093581534
28/11/2023 16:42,Uppingham,Denise Snodgrass,"Regular Smoothies - Berry Beautiful - 2.00, Regular Flavoured latte - Hazelnut - 2.55, Large Red Label tea - 1.80, Regular Flavoured latte - Caramel - 2.55, Regular Flavoured hot chocolate - Vanilla - 2.60",11.5,CARD,2686615845583169
28/11/2023 16:44,Uppingham,Norma Roland,Large Flavoured latte - Hazelnut - 2.85,2.85,CARD,1507655841666479
28/11/2023 16:46,Uppingham,Melanie Cunningham,Large Hot chocolate - 2.90,2.9,CASH,
28/11/2023 16:48,Uppingham,Ramona Wms,Large Smoothies - Berry Beautiful - 2.50,2.5,CARD,3175926138421167
28/11/2023 16:49,Uppingham,Hettie Lovejoy,"Regular Hot chocolate - 2.20, Regular Flavoured hot chocolate - Vanilla - 2.60",4.8,CARD,2420180429139849
28/11/2023 16:51,Uppingham,Enid Burnette,"Regular Red Label tea - 1.20, Large Mocha - 2.70, Regular Smoothies - Berry Beautiful - 2.00, Large Speciality Tea - Peppermint - 1.60",7.5,CASH,
28/11/2023 16:53,Uppingham,Alexander Solares,"Large Cortado - 2.35, Large Flavoured latte - Hazelnut - 2.85, Large Cortado - 2.35, Large Flavoured latte - Hazelnut - 2.85, Regular Red Label tea - 1.20, Large Flavoured hot chocolate - Vanilla - 2.90",14.5,CARD,1080630990202488
28/11/2023 16:55,Uppingham,Sophia Acevedo,Large Smoothies - Berry Beautiful - 2.50,2.5,CARD,8886311917185928
28/11/2023 16:56,Uppingham,Hazel Anderson,Large Red Label tea - 1.80,1.8,CARD,7391505867429091
28/11/2023 16:58,Uppingham,James Farmer,Large Smoothies - Berry Beautiful - 2.50,2.5,CASH,
