01/12/2023 09:00,Longridge,Dollie New,"Large Flavoured iced latte - Caramel - 3.25, Regular Frappes - Strawberries & Cream - 2.75, Regular Frappes - Strawberries & Cream - 2.75",8.75,CARD,5319141096123962
01/12/2023 09:01,Longridge,Maria Moore,"Regular Flavoured iced latte - Caramel - 2.75, Regular Smoothies - Glowing Greens - 2.00, Regular Smoothies - Glowing Greens - 2.00, Regular Frappes - Strawberries & Cream - 2.75, Large Frappes - Strawberries & Cream - 3.25",12.75,CARD,6878955466331591
01/12/2023 09:02,Longridge,Linette Roberts,"Large Frappes - Strawberries & Cream - 3.25, Large Frappes - Strawberries & Cream - 3.25, Large Flavoured iced latte - Caramel - 3.25, Large Mocha - 2.70",12.45,CASH,
01/12/2023 09:03,Longridge,Shirley Royal,"Large Frappes - Strawberries & Cream - 3.25, Large Flavoured iced latte - Caramel - 3.25",6.5,CARD,2192644955983435
01/12/2023 09:04,Longridge,Kathy Coffland,"Regular Glass of milk - 0.70, Large Flavoured iced latte - Caramel - 3.25, Regular Glass of milk - 0.70, Regular Speciality Tea - Earl Grey - 1.30",5.95,CARD,8934484694435140
01/12/2023 09:05,Longridge,James Lund,"Large Flavoured iced latte - Caramel - 3.25, Large Speciality Tea - Earl Grey - 1.60",4.85,CARD,2359189936462831
01/12/2023 09:06,Longridge,Delcie Bisonette,Regular Glass of milk - 0.70,0.7,CARD,1531117624464106
01/12/2023 09:07,Longridge,Peggy Correa,"Regular Frappes - Strawberries & Cream - 2.75, Regular Frappes - Strawberries & Cream - 2.75, Large Smoothies - Glowing Greens - 2.50",8.0,CASH,
01/12/2023 09:08,Longridge,Doreen Baker,"Large Flavoured iced latte - Caramel - 3.25, Large Frappes - Strawberries & Cream - 3.25, Large Flavoured iced latte - Caramel - 3.25, Regular Frappes - Strawberries & Cream - 2.75",12.5,CARD,7505492107699016
01/12/2023 09:09,Longridge,Theda Allen,"Regular Flavoured iced latte - Caramel - 2.75, Regular Speciality Tea - Earl Grey - 1.30, Large Mocha - 2.70",6.75,CASH,
01/12/2023 09:10,Longridge,David Kendall,"Regular Smoothies - Glowing Greens - 2.00, Regular Speciality Tea - Earl Grey - 1.30, Regular Frappes - Strawberries & Cream - 2.75, Regular Frappes - Strawberries & Cream - 2.75, Large Frappes - Strawberries & Cream - 3.25, Large Speciality Tea - Earl Grey - 1.60",13.65,CASH,
01/12/2023 09:11,Longridge,Santos Mcculler,"Regular Frappes - Strawberries & Cream - 2.75, Regular Glass of milk - 0.70, Large Speciality Tea - Earl Grey - 1.60",5.05,CASH,
01/12/2023 09:13,Longridge,Man Rodriguez,"Regular Smoothies - Glowing Greens - 2.00, Large Frappes - Strawberries & Cream - 3.25, Regular Speciality Tea - Earl Grey - 1.30, Regular Smoothies - Glowing Greens - 2.00",8.55,CARD,1924445404599208
01/12/2023 09:14,Longridge,John Snowden,Regular Mocha - 2.30,2.3,CARD,1347933183604808
01/12/2023 09:15,Longridge,Patricia Guenther,"Large Flavoured iced latte - Caramel - 3.25, Large Frappes - Strawberries & Cream - 3.25",6.5,CARD,9878449580363551
01/12/2023 09:16,Longridge,Joseph Norton,Large Flavoured iced latte - Caramel - 3.25,3.25,CASH,
01/12/2023 09:17,Longridge,Amy Shelton,"Regular Glass of milk - 0.70, Large Glass of milk - 1.10",1.8,CARD,3955195932987576
01/12/2023 09:18,Longridge,Cesar Gose,"Large Mocha - 2.70, Regular Frappes - Strawberries & Cream - 2.75",5.45,CARD,4159513346336034
01/12/2023 09:19,Longridge,Maybelle Vega,"Regular Speciality Tea - Earl Grey - 1.30, Regular Speciality Tea - Earl Grey - 1.30, Large Smoothies - Glowing Greens - 2.50",5.1,CASH,
01/12/2023 09:20,Longridge,Bret Chalmers,"Large Frappes - Strawberries & Cream - 3.25, Large Speciality Tea - Earl Grey - 1.60, Large Smoothies - Glowing Greens - 2.50, Large Frappes - Strawberries & Cream - 3.25",10.6,CASH,
01/12/2023 09:21,Longridge,Noreen Rex,Regular Frappes - Strawberries & Cream - 2.75,2.75,CASH,
01/12/2023 09:22,Longridge,Angela Lopez,Large Glass of milk - 1.10,1.1,CASH,
01/12/2023 09:23,Longridge,Rosa Durdan,Large Smoothies - Glowing Greens - 2.50,2.5,CASH,
01/12/2023 09:24,Longridge,Hollis Moss,"Regular Glass of milk - 0.70, Large Glass of milk - 1.10, Regular Mocha - 2.30, Large Flavoured iced latte - Caramel - 3.25",7.35,CARD,8065921587265405
01/12/2023 09:26,Longridge,Kristopher Hart,"Regular Flavoured iced latte - Caramel - 2.75, Regular Flavoured iced latte - Caramel - 2.75, Regular Speciality Tea - Earl Grey - 1.30",6.8,CASH,
01/12/2023 09:27,Longridge,William Castillo,"Regular Frappes - Strawberries & Cream - 2.75, Regular Frappes - Strawberries & Cream - 2.75, Large Flavoured iced latte - Caramel - 3.25",8.75,CARD,9568664350089279
01/12/2023 09:28,Longridge,Nicole Fitanides,"Large Frappes - Strawberries & Cream - 3.25, Regular Flavoured iced latte - Caramel - 2.75, Regular Glass of milk - 0.70",6.7,CASH,
01/12/2023 09:29,Longridge,Rita Brandwein,"Regular Frappes - Strawberries & Cream - 2.75, Regular Speciality Tea - Earl Grey - 1.30, Regular Speciality Tea - Earl Grey - 1.30",5.35,CARD,8401761357962057
01/12/2023 09:30,Longridge,Mary Galliher,Regular Glass of milk - 0.70,0.7,CARD,4526629156314858
01/12/2023 09:31,Longridge,Ashleigh Blair,"Large Flavoured iced latte - Caramel - 3.25, Regular Mocha - 2.30, Regular Smoothies - Glowing Greens - 2.00, Large Glass of milk - 1.10, Regular Frappes - Strawberries & Cream - 2.75, Regular Mocha - 2.30",13.7,CARD,6220317122427240
01/12/2023 09:32,Longridge,Ralph Mcclay,"Regular Smoothies - Glowing Greens - 2.00, Regular Frappes - Strawberries & Cream - 2.75, Large Frappes - Strawberries & Cream - 3.25, Regular Flavoured iced latte - Caramel - 2.75, Regular Frappes - Strawberries & Cream - 2.75, Large Smoothies - Glowing Greens - 2.50",16.0,CASH,
01/12/2023 09:33,Longridge,Sarah Johnson,"Large Frappes - Strawberries & Cream - 3.25, Large Flavoured iced latte - Caramel - 3.25",6.5,CARD,5889470007844116
01/12/2023 09:34,Longridge,Etta Rash,"Large Frappes - Strawberries & Cream - 3.25, Regular Flavoured iced latte - Caramel - 2.75, Regular Mocha - 2.30",8.3,CARD,9647168611992553
01/12/2023 09:35,Longridge,Melanie Terrell,"Regular Glass of milk - 0.70, Regular Mocha - 2.30, Large Frappes - Strawberries & Cream - 3.25, Regular Mocha - 2.30",8.55,CARD,4190929382940113
01/12/2023 09:36,Longridge,Edmond Cale,"Regular Smoothies - Glowing Greens - 2.00, Regular Speciality Tea - Earl Grey - 1.30",3.3,CARD,7874576608473415
01/12/2023 09:37,Longridge,Troy Meador,"Regular Frappes - Strawberries & Cream - 2.75, Regular Flavoured iced latte - Caramel - 2.75",5.5,CASH,
01/12/2023 09:39,Longridge,Cecil Hill,Large Mocha - 2.70,2.7,CASH,
01/12/2023 09:40,Longridge,Ann Simmons,"Regular Glass of milk - 0.70, Regular Frappes - Strawberries & Cream - 2.75, Regular Frappes - Strawberries & Cream - 2.75, Large Flavoured iced latte - Caramel - 3.25",9.45,CARD,6145465076656136
01/12/2023 09:41,Longridge,James Creek,Large Speciality Tea - Earl Grey - 1.60,1.6,CARD,8199451007752599
01/12/2023 09:42,Longridge,Glen Bachrach,Large Smoothies - Glowing Greens - 2.50,2.5,CARD,7240935286251411
01/12/2023 09:43,Longridge,Scotty Riddle,"Large Speciality Tea - Earl Grey - 1.60, Regular Smoothies - Glowing Greens - 2.00, Large Frappes - Strawberries & Cream - 3.25",6.85,CARD,8197547058057191
01/12/2023 09:44,Longridge,William Robinson,"Large Glass of milk - 1.10, Regular Speciality Tea - Earl Grey - 1.30, Large Flavoured iced latte - Caramel - 3.25, Regular Mocha - 2.30",7.95,CASH,
01/12/2023 09:45,Longridge,Linda Bell,"Regular Flavoured iced latte - Caramel - 2.75, Large Frappes - Strawberries & Cream - 3.25, Large Flavoured iced latte - Caramel - 3.25",9.25,CARD,5224107299683571
01/12/2023 09:46,Longridge,Rita Hoover,"Large Flavoured iced latte - Caramel - 3.25, Large Frappes - Strawberries & Cream - 3.25",6.5,CARD,8833521417623694
01/12/2023 09:47,Longridge,William Deloach,"Regular Mocha - 2.30, Large Smoothies - Glowing Greens - 2.50, Large Glass of milk - 1.10, Large Smoothies - Glowing Greens - 2.50",8.4,CASH,
01/12/2023 09:48,Longridge,Emma Boston,"Large Speciality Tea - Earl Grey - 1.60, Large Frappes - Strawberries & Cream - 3.25",4.85,CARD,3129632576927626
01/12/2023 09:49,Longridge,David Mills,Regular Frappes - Strawberries & Cream - 2.75,2.75,CARD,6484275150626808
01/12/2023 09:50,Longridge,Alice Stapleton,"Large Frappes - Strawberries & Cream - 3.25, Large Smoothies - Glowing Greens - 2.50, Regular Mocha - 2.30, Large Smoothies - Glowing Greens - 2.50, Regular Speciality Tea - Earl Grey - 1.30",11.85,CARD,1237865689558974
01/12/2023 09:52,Longridge,Wayne Perry,Large Flavoured iced latte - Caramel - 3.25,3.25,CARD,2462305420354257
01/12/2023 09:53,Longridge,Holly Barnard,Large Frappes - Strawberries & Cream - 3.25,3.25,CASH,
01/12/2023 09:54,Longridge,John Heggie,Regular Flavoured iced latte - Caramel - 2.75,2.75,CASH,
01/12/2023 09:55,Longridge,Lisa Hess,"Regular Frappes - Strawberries & Cream - 2.75, Large Flavoured iced latte - Caramel - 3.25, Regular Speciality Tea - Earl Grey - 1.30",7.3,CARD,4084983578492287
01/12/2023 09:56,Longridge,Dora Poirier,"Large Glass of milk - 1.10, Regular Frappes - Strawberries & Cream - 2.75, Large Smoothies - Glowing Greens - 2.50",6.35,CARD,2501281739320602
01/12/2023 09:57,Longridge,Leon Nitta,Large Frappes - Strawberries & Cream - 3.25,3.25,CARD,8148537014947355
01/12/2023 09:58,Longridge,Debra Spencer,"Large Smoothies - Glowing Greens - 2.50, Large Speciality Tea - Earl Grey - 1.60, Regular Flavoured iced latte - Caramel - 2.75, Large Smoothies - Glowing Greens - 2.50, Large Speciality Tea - Earl Grey - 1.60, Large Mocha - 2.70",13.65,CARD,1367500806029208
01/12/2023 09:59,Longridge,Maria Adams,"Large Mocha - 2.70, Regular Speciality Tea - Earl Grey - 1.30, Regular Flavoured iced latte - Caramel - 2.75, Large Flavoured iced latte - Caramel - 3.25",10.0,CARD,8420648254407906
01/12/2023 10:00,Longridge,Aaron Negrete,"Regular Glass of milk - 0.70, Regular Flavoured iced latte - Caramel - 2.75",3.45,CASH,
01/12/2023 10:03,Longridge,Judy Hash,"Regular Flavoured iced latte - Caramel - 2.75, Regular Flavoured iced latte - Caramel - 2.75, Large Frappes - Strawberries & Cream - 3.25",8.75,CARD,4949836769392802
01/12/2023 10:06,Longridge,Raymond Newton,"Large Mocha - 2.70, Large Speciality Tea - Earl Grey - 1.60, Regular Speciality Tea - Earl Grey - 1.30",5.6,CASH,
01/12/2023 10:10,Longridge,Kyle Lyons,"Regular Flavoured iced latte - Caramel - 2.75, Regular Glass of milk - 0.70, Large Mocha - 2.70, Regular Glass of milk - 0.70",6.85,CARD,8845073587382906
01/12/2023 10:13,Longridge,Jeremy Winkler,"Large Speciality Tea - Earl Grey - 1.60, Large Mocha - 2.70",4.3,CARD,2111887918394118
01/12/2023 10:16,Longridge,Ruth Mcbrien,Regular Flavoured iced latte - Caramel - 2.75,2.75,CARD,2066332813363640
01/12/2023 10:19,Longridge,Joel Kreitner,Regular Flavoured iced latte - Caramel - 2.75,2.75,CASH,
01/12/2023 10:22,Longridge,Robert Warren,"Regular Glass of milk - 0.70, Regular Glass of milk - 0.70, Regular Smoothies - Glowing Greens - 2.00, Large Speciality Tea - Earl Grey - 1.60, Large Mocha - 2.70",7.7,CARD,2845432983263036
01/12/2023 10:25,Longridge,Derrick Hairston,"Large Frappes - Strawberries & Cream - 3.25, Regular Speciality Tea - Earl Grey - 1.30, Large Flavoured iced latte - Caramel - 3.25, Regular Flavoured iced latte - Caramel - 2.75, Large Frappes - Strawberries & Cream - 3.25, Large Speciality Tea - Earl Grey - 1.60",15.4,CASH,
01/12/2023 10:29,Longridge,Cynthia Matthews,"Large Flavoured iced latte - Caramel - 3.25, Large Frappes - Strawberries & Cream - 3.25, Large Frappes - Strawberries & Cream - 3.25, Large Mocha - 2.70, Large Flavoured iced latte - Caramel - 3.25",15.7,CASH,
01/12/2023 10:32,Longridge,Randall Hodge,"Regular Smoothies - Glowing Greens - 2.00, Regular Smoothies - Glowing Greens - 2.00, Large Mocha - 2.70, Regular Frappes - Strawberries & Cream - 2.75",9.45,CARD,3991606749393274
01/12/2023 10:35,Longridge,Keri Zeitler,Large Mocha - 2.70,2.7,CARD,5581870311014498
01/12/2023 10:38,Longridge,Ian Perez,"Large Speciality Tea - Earl Grey - 1.60, Large Smoothies - Glowing Greens - 2.50",4.1,CARD,4277299588745124
01/12/2023 10:41,Longridge,Jennifer Garica,"Large Glass of milk - 1.10, Large Frappes - Strawberries & Cream - 3.25, Large Smoothies - Glowing Greens - 2.50",6.85,CARD,8111307762078881
01/12/2023 10:44,Longridge,Jeremy Barrett,Regular Frappes - Strawberries & Cream - 2.75,2.75,CARD,5243339248465280
01/12/2023 10:47,Longridge,Patricia Fischer,"Large Frappes - Strawberries & Cream - 3.25, Large Glass of milk - 1.10, Regular Speciality Tea - Earl Grey - 1.30, Large Smoothies - Glowing Greens - 2.50, Large Frappes - Strawberries & Cream - 3.25",11.4,CARD,6444656349397610
01/12/2023 10:51,Longridge,James Garcia,"Large Smoothies - Glowing Greens - 2.50, Regular Smoothies - Glowing Greens - 2.00",4.5,CASH,
01/12/2023 10:54,Longridge,Myron Matos,"Regular Glass of milk - 0.70, Large Frappes - Strawberries & Cream - 3.25, Regular Speciality Tea - Earl Grey - 1.30, Regular Smoothies - Glowing Greens - 2.00",7.25,CARD,1872611750810627
01/12/2023 10:57,Longridge,Thomas Amaral,Large Flavoured iced latte - Caramel - 3.25,3.25,CASH,
01/12/2023 11:00,Longridge,Charles Swanson,"Regular Flavoured iced latte - Caramel - 2.75, Regular Flavoured iced latte - Caramel - 2.75, Large Frappes - Strawberries & Cream - 3.25, Regular Glass of milk - 0.70",9.45,CARD,4353347490460035
01/12/2023 11:08,Longridge,William Hoover,"Regular Mocha - 2.30, Large Flavoured iced latte - Caramel - 3.25",5.55,CARD,3944562403466737
01/12/2023 11:15,Longridge,Harvey Kline,"Large Mocha - 2.70, Large Flavoured iced latte - Caramel - 3.25, Large Mocha - 2.70",8.65,CARD,4420508981701071
01/12/2023 11:23,Longridge,Lillie Pearson,"Large Glass of milk - 1.10, Large Smoothies - Glowing Greens - 2.50, Regular Smoothies - Glowing Greens - 2.00",5.6,CARD,9276527080269102
01/12/2023 11:30,Longridge,Sally Stockman,"Large Speciality Tea - Earl Grey - 1.60, Regular Frappes - Strawberries & Cream - 2.75, Large Frappes - Strawberries & Cream - 3.25",7.6,CARD,2998406314565017
01/12/2023 11:38,Longridge,Ronald Mercer,"Regular Frappes - Strawberries & Cream - 2.75, Large Smoothies - Glowing Greens - 2.50, Large Frappes - Strawberries & Cream - 3.25, Large Glass of milk - 1.10",9.6,CASH,
01/12/2023 11:45,Longridge,Mary Stephenson,"Large Speciality Tea - Earl Grey - 1.60, Large Flavoured iced latte - Caramel - 3.25, Regular Flavoured iced latte - Caramel - 2.75, Regular Smoothies - Glowing Greens - 2.00, Regular Flavoured iced latte - Caramel - 2.75, Regular Speciality Tea - Earl Grey - 1.30",13.65,CARD,7405985316552687
01/12/2023 11:53,Longridge,Tyler Fuselier,"Regular Frappes - Strawberries & Cream - 2.75, Regular Frappes - Strawberries & Cream - 2.75",5.5,CARD,8976911335698846
01/12/2023 12:00,Longridge,Thomas Fieldson,"Large Flavoured iced latte - Caramel - 3.25, Large Mocha - 2.70, Large Smoothies - Glowing Greens - 2.50",8.45,CARD,8343135105131894
01/12/2023 12:06,Longridge,Jeffery Madsen,"Regular Speciality Tea - Earl Grey - 1.30, Large Mocha - 2.70, Large Smoothies - Glowing Greens - 2.50, Regular Glass of milk - 0.70, Regular Smoothies - Glowing Greens - 2.00",9.2,CARD,6389328446058503
01/12/2023 12:12,Longridge,Robert Atkin,"Large Smoothies - Glowing Greens - 2.50, Regular Frappes - Strawberries & Cream - 2.75, Large Frappes - Strawberries & Cream - 3.25, Large Frappes - Strawberries & Cream - 3.25, Regular Mocha - 2.30, Regular Flavoured iced latte - Caramel - 2.75",16.8,CARD,4227060746897770
01/12/2023 12:18,Longridge,Marcus Felts,Regular Speciality Tea - Earl Grey - 1.30,1.3,CARD,5323062365682143
01/12/2023 12:24,Longridge,Nona Perfater,"Large Smoothies - Glowing Greens - 2.50, Regular Smoothies - Glowing Greens - 2.00, Large Speciality Tea - Earl Grey - 1.60",6.1,CASH,
01/12/2023 12:30,Longridge,Debra Rose,"Large Frappes - Strawberries & Cream - 3.25, Large Mocha - 2.70, Large Glass of milk - 1.10",7.05,CARD,8208973497973690
01/12/2023 12:36,Longridge,Mary Borden,Regular Flavoured iced latte - Caramel - 2.75,2.75,CASH,
01/12/2023 12:42,Longridge,Deborah Watson,Regular Frappes - Strawberries & Cream - 2.75,2.75,CARD,4580466167617875
01/12/2023 12:48,Longridge,Sally Catalfamo,"Regular Flavoured iced latte - Caramel - 2.75, Regular Flavoured iced latte - Caramel - 2.75, Regular Speciality Tea - Earl Grey - 1.30",6.8,CASH,
01/12/2023 12:54,Longridge,Laura Jackson,"Regular Smoothies - Glowing Greens - 2.00, Regular Frappes - Strawberries & Cream - 2.75, Large Speciality Tea - Earl Grey - 1.60, Regular Speciality Tea - Earl Grey - 1.30, Large Mocha - 2.70, Large Frappes - Strawberries & Cream - 3.25",13.6,CARD,6784445229571148
01/12/2023 13:00,Longridge,Violet Shutt,"Large Frappes - Strawberries & Cream - 3.25, Regular Speciality Tea - Earl Grey - 1.30, Large Frappes - Strawberries & Cream - 3.25",7.8,CASH,
01/12/2023 13:01,Longridge,Beverly Claridge,"Large Speciality Tea - Earl Grey - 1.60, Large Speciality Tea - Earl Grey - 1.60, Large Mocha - 2.70",5.9,CARD,3059066766765727
01/12/2023 13:02,Longridge,Christopher Ivory,"Regular Speciality Tea - Earl Grey - 1.30, Regular Flavoured iced latte - Caramel - 2.75",4.05,CASH,
01/12/2023 13:03,Longridge,Ruth Burks,"Regular Speciality Tea - Earl Grey - 1.30, Regular Mocha - 2.30, Large Mocha - 2.70, Large Glass of milk - 1.10, Large Smoothies - Glowing Greens - 2.50, Large Flavoured iced latte - Caramel - 3.25",13.15,CARD,9989997691745952
01/12/2023 13:04,Longridge,Beth Chadbourne,Regular Speciality Tea - Earl Grey - 1.30,1.3,CARD,5273955734181909
01/12/2023 13:05,Longridge,Andrea Jacobs,"Large Glass of milk - 1.10, Large Speciality Tea - Earl Grey - 1.60",2.7,CARD,1224560174289675
01/12/2023 13:06,Longridge,Raymond Johnson,Regular Mocha - 2.30,2.3,CASH,
01/12/2023 13:07,Longridge,Tonda Valdes,Large Mocha - 2.70,2.7,CARD,7685345021365552
01/12/2023 13:08,Longridge,Karen Adkins,"Large Mocha - 2.70, Large Flavoured iced latte - Caramel - 3.25, Large Glass of milk - 1.10, Regular Frappes - Strawberries & Cream - 2.75, Large Speciality Tea - Earl Grey - 1.60",11.4,CASH,
01/12/2023 13:09,Longridge,Keith Perri,Regular Frappes - Strawberries & Cream - 2.75,2.75,CASH,
01/12/2023 13:10,Longridge,Michael Bishop,Large Smoothies - Glowing Greens - 2.50,2.5,CARD,4182224927357175
01/12/2023 13:10,Longridge,Michael Barber,"Large Speciality Tea - Earl Grey - 1.60, Regular Frappes - Strawberries & Cream - 2.75",4.35,CASH,
01/12/2023 13:11,Longridge,Raymond Steward,"Large Frappes - Strawberries & Cream - 3.25, Large Frappes - Strawberries & Cream - 3.25",6.5,CARD,1186592799689111
01/12/2023 13:12,Longridge,Joseph Larsen,"Regular Mocha - 2.30, Regular Frappes - Strawberries & Cream - 2.75, Large Speciality Tea - Earl Grey - 1.60",6.65,CARD,8416340297461969
01/12/2023 13:13,Longridge,Frances Nichols,"Large Glass of milk - 1.10, Large Speciality Tea - Earl Grey - 1.60, Large Flavoured iced latte - Caramel - 3.25, Large Mocha - 2.70",8.65,CARD,4106510651463038
01/12/2023 13:14,Longridge,Lorraine Vigil,"Large Smoothies - Glowing Greens - 2.50, Regular Speciality Tea - Earl Grey - 1.30, Regular Glass of milk - 0.70, Regular Smoothies - Glowing Greens - 2.00",6.5,CARD,9581164276224450
01/12/2023 13:15,Longridge,Elizabeth Buffin,"Regular Speciality Tea - Earl Grey - 1.30, Regular Glass of milk - 0.70",2.0,CARD,9617017206164554
01/12/2023 13:16,Longridge,Amy Waite,Regular Mocha - 2.30,2.3,CASH,
01/12/2023 13:17,Longridge,Barbara Simon,"Regular Speciality Tea - Earl Grey - 1.30, Regular Speciality Tea - Earl Grey - 1.30",2.6,CASH,
01/12/2023 13:18,Longridge,Betty Leblanc,"Regular Flavoured iced latte - Caramel - 2.75, Regular Smoothies - Glowing Greens - 2.00",4.75,CARD,3386277044985055
01/12/2023 13:19,Longridge,Thomas Nixon,"Large Smoothies - Glowing Greens - 2.50, Regular Frappes - Strawberries & Cream - 2.75, Large Frappes - Strawberries & Cream - 3.25",8.5,CARD,4470123205235790
01/12/2023 13:20,Longridge,David Alba,"Regular Flavoured iced latte - Caramel - 2.75, Large Frappes - Strawberries & Cream - 3.25, Large Speciality Tea - Earl Grey - 1.60",7.6,CARD,2262219852146743
01/12/2023 13:21,Longridge,Daniel Albertson,Regular Flavoured iced latte - Caramel - 2.75,2.75,CASH,
01/12/2023 13:22,Longridge,John Culver,Large Mocha - 2.70,2.7,CARD,1996166773800484
01/12/2023 13:23,Longridge,Lila Lunde,"Regular Mocha - 2.30, Regular Flavoured iced latte - Caramel - 2.75, Regular Glass of milk - 0.70, Regular Speciality Tea - Earl Grey - 1.30",7.05,CARD,6458079972149719
01/12/2023 13:24,Longridge,Larhonda Medrano,"Regular Smoothies - Glowing Greens - 2.00, Large Frappes - Strawberries & Cream - 3.25, Large Mocha - 2.70",7.95,CASH,
01/12/2023 13:25,Longridge,Kathleen Willard,"Regular Speciality Tea - Earl Grey - 1.30, Large Frappes - Strawberries & Cream - 3.25, Large Glass of milk - 1.10, Regular Mocha - 2.30",7.95,CASH,
01/12/2023 13:26,Longridge,David Matheny,"Regular Speciality Tea - Earl Grey - 1.30, Large Flavoured iced latte - Caramel - 3.25",4.55,CASH,
01/12/2023 13:27,Longridge,Rodney Ybarra,"Large Speciality Tea - Earl Grey - 1.60, Large Smoothies - Glowing Greens - 2.50",4.1,CARD,8108318476319100
01/12/2023 13:28,Longridge,Mary Minnerly,"Large Smoothies - Glowing Greens - 2.50, Regular Mocha - 2.30, Regular Flavoured iced latte - Caramel - 2.75, Regular Flavoured iced latte - Caramel - 2.75",10.3,CASH,
01/12/2023 13:29,Longridge,Wanda Sittre,Regular Glass of milk - 0.70,0.7,CASH,
01/12/2023 13:29,Longridge,Shirley Seegmiller,"Large Flavoured iced latte - Caramel - 3.25, Large Speciality Tea - Earl Grey - 1.60",4.85,CASH,
01/12/2023 13:30,Longridge,Cary Zasso,"Regular Speciality Tea - Earl Grey - 1.30, Large Frappes - Strawberries & Cream - 3.25, Regular Flavoured iced latte - Caramel - 2.75, Large Speciality Tea - Earl Grey - 1.60, Regular Flavoured iced latte - Caramel - 2.75",11.65,CARD,6248819900874951
01/12/2023 13:31,Longridge,Ronald Greenstein,Regular Flavoured iced latte - Caramel - 2.75,2.75,CASH,
01/12/2023 13:32,Longridge,Willie Royce,"Large Flavoured iced latte - Caramel - 3.25, Large Smoothies - Glowing Greens - 2.50, Large Mocha - 2.70",8.45,CARD,4014573100194054
01/12/2023 13:33,Longridge,Mattie Carreon,"Regular Speciality Tea - Earl Grey - 1.30, Regular Speciality Tea - Earl Grey - 1.30",2.6,CARD,7180424811772024
01/12/2023 13:34,Longridge,Jason Meunier,"Large Flavoured iced latte - Caramel - 3.25, Regular Frappes - Strawberries & Cream - 2.75, Regular Glass of milk - 0.70",6.7,CARD,2137427258322257
01/12/2023 13:35,Longridge,Mary Joachim,"Large Mocha - 2.70, Regular Smoothies - Glowing Greens - 2.00, Regular Speciality Tea - Earl Grey - 1.30",6.0,CASH,
01/12/2023 13:36,Longridge,Ronald Joyce,"Regular Mocha - 2.30, Large Flavoured iced latte - Caramel - 3.25",5.55,CARD,8080995768404288
01/12/2023 13:37,Longridge,Monica Copeland,"Regular Frappes - Strawberries & Cream - 2.75, Regular Speciality Tea - Earl Grey - 1.30, Regular Speciality Tea - Earl Grey - 1.30, Large Smoothies - Glowing Greens - 2.50",7.85,CASH,
01/12/2023 13:38,Longridge,Mark Skinner,"Regular Flavoured iced latte - Caramel - 2.75, Regular Speciality Tea - Earl Grey - 1.30, Large Frappes - Strawberries & Cream - 3.25",7.3,CASH,
01/12/2023 13:39,Longridge,Samantha Ramsey,"Regular Mocha - 2.30, Large Speciality Tea - Earl Grey - 1.60, Regular Frappes - Strawberries & Cream - 2.75, Regular Speciality Tea - Earl Grey - 1.30, Regular Speciality Tea - Earl Grey - 1.30",9.25,CASH,
01/12/2023 13:40,Longridge,Donna Hershberger,"Large Smoothies - Glowing Greens - 2.50, Regular Frappes - Strawberries & Cream - 2.75, Regular Mocha - 2.30",7.55,CARD,6192067011701614
01/12/2023 13:41,Longridge,Dale Hurse,Large Smoothies - Glowing Greens - 2.50,2.5,CASH,
01/12/2023 13:42,Longridge,Larry Lashley,"Large Glass of milk - 1.10, Regular Flavoured iced latte - Caramel - 2.75",3.85,CARD,3082104528432093
01/12/2023 13:43,Longridge,Andrew Zach,"Regular Flavoured iced latte - Caramel - 2.75, Regular Glass of milk - 0.70",3.45,CARD,9993137980654928
01/12/2023 13:44,Longridge,Gerald Stone,"Large Flavoured iced latte - Caramel - 3.25, Large Speciality Tea - Earl Grey - 1.60, Large Frappes - Strawberries & Cream - 3.25",8.1,CASH,
01/12/2023 13:45,Longridge,Manuel Newsome,"Regular Speciality Tea - Earl Grey - 1.30, Regular Smoothies - Glowing Greens - 2.00",3.3,CARD,7791444868904603
01/12/2023 13:46,Longridge,Laurie Anderson,"Regular Glass of milk - 0.70, Regular Speciality Tea - Earl Grey - 1.30, Large Mocha - 2.70, Regular Mocha - 2.30",7.0,CASH,
01/12/2023 13:47,Longridge,Kimberly Sales,"Large Glass of milk - 1.10, Large Speciality Tea - Earl Grey - 1.60, Large Flavoured iced latte - Caramel - 3.25",5.95,CASH,
01/12/2023 13:48,Longridge,Florence Wallace,"Large Flavoured iced latte - Caramel - 3.25, Regular Speciality Tea - Earl Grey - 1.30",4.55,CARD,3953418325954983
01/12/2023 13:48,Longridge,Allen Beck,Regular Speciality Tea - Earl Grey - 1.30,1.3,CARD,1772439997638453
01/12/2023 13:49,Longridge,David Martinez,"Regular Mocha - 2.30, Large Speciality Tea - Earl Grey - 1.60",3.9,CARD,6387861850510051
01/12/2023 13:50,Longridge,Nadine Swales,Regular Speciality Tea - Earl Grey - 1.30,1.3,CARD,1712127644995512
01/12/2023 13:51,Longridge,Elizabeth Hines,Regular Smoothies - Glowing Greens - 2.00,2.0,CARD,4775507802557815
01/12/2023 13:52,Longridge,Christopher Clark,"Regular Frappes - Strawberries & Cream - 2.75, Regular Mocha - 2.30, Large Frappes - Strawberries & Cream - 3.25",8.3,CARD,8145836873230199
01/12/2023 13:53,Longridge,Eileen Angelo,Large Frappes - Strawberries & Cream - 3.25,3.25,CARD,3390090801688352
01/12/2023 13:54,Longridge,Eva Kriegel,"Regular Frappes - Strawberries & Cream - 2.75, Regular Glass of milk - 0.70, Regular Frappes - Strawberries & Cream - 2.75, Regular Frappes - Strawberries & Cream - 2.75, Regular Frappes - Strawberries & Cream - 2.75, Large Mocha - 2.70",14.4,CARD,5632895237962446
01/12/2023 13:55,Longridge,Dayna Smith,Regular Frappes - Strawberries & Cream - 2.75,2.75,CARD,1789685125302190
01/12/2023 13:56,Longridge,Sara Brown,"Large Frappes - Strawberries & Cream - 3.25, Regular Frappes - Strawberries & Cream - 2.75, Regular Frappes - Strawberries & Cream - 2.75",8.75,CASH,
01/12/2023 13:57,Longridge,Daniel Fuller,"Large Speciality Tea - Earl Grey - 1.60, Large Speciality Tea - Earl Grey - 1.60, Regular Frappes - Strawberries & Cream - 2.75, Large Speciality Tea - Earl Grey - 1.60",7.55,CARD,4289223064567791
01/12/2023 13:58,Longridge,Kennith Eakins,"Large Mocha - 2.70, Large Flavoured iced latte - Caramel - 3.25, Regular Frappes - Strawberries & Cream - 2.75, Regular Glass of milk - 0.70",9.4,CARD,8361063663038220
01/12/2023 13:59,Longridge,John Hager,"Regular Speciality Tea - Earl Grey - 1.30, Regular Frappes - Strawberries & Cream - 2.75, Large Flavoured iced latte - Caramel - 3.25, Regular Mocha - 2.30, Regular Mocha - 2.30",11.9,CARD,9302426602109507
01/12/2023 14:00,Longridge,David Farr,Large Frappes - Strawberries & Cream - 3.25,3.25,CARD,9218203264835711
01/12/2023 14:03,Longridge,Jeremy Hassard,"Large Glass of milk - 1.10, Large Glass of milk - 1.10, Regular Flavoured iced latte - Caramel - 2.75",4.95,CARD,5341197071625265
01/12/2023 14:06,Longridge,Lillian Breaux,"Large Frappes - Strawberries & Cream - 3.25, Large Frappes - Strawberries & Cream - 3.25",6.5,CARD,3870200700934007
01/12/2023 14:09,Longridge,Helen Sykes,"Large Frappes - Strawberries & Cream - 3.25, Large Glass of milk - 1.10, Large Frappes - Strawberries & Cream - 3.25, Regular Flavoured iced latte - Caramel - 2.75",10.35,CARD,8115790345599110
01/12/2023 14:12,Longridge,Yolanda Sedore,"Regular Mocha - 2.30, Large Mocha - 2.70",5.0,CASH,
01/12/2023 14:16,Longridge,Gerald Mojica,Regular Frappes - Strawberries & Cream - 2.75,2.75,CARD,7423106403328122
01/12/2023 14:19,Longridge,Charles Salano,Large Frappes - Strawberries & Cream - 3.25,3.25,CARD,3272704719836415
01/12/2023 14:22,Longridge,Laura Lewis,"Regular Mocha - 2.30, Regular Frappes - Strawberries & Cream - 2.75, Regular Mocha - 2.30, Regular Smoothies - Glowing Greens - 2.00",9.35,CARD,3024316680701893
01/12/2023 14:25,Longridge,Thelma Benson,"Regular Frappes - Strawberries & Cream - 2.75, Regular Frappes - Strawberries & Cream - 2.75, Large Frappes - Strawberries & Cream - 3.25",8.75,CARD,2610731777966113
01/12/2023 14:28,Longridge,Jessie Gipson,Large Speciality Tea - Earl Grey - 1.60,1.6,CARD,9871914303774627
01/12/2023 14:31,Longridge,Dan Albano,Regular Speciality Tea - Earl Grey - 1.30,1.3,CARD,9349240119774449
01/12/2023 14:35,Longridge,Jose Apolo,"Regular Smoothies - Glowing Greens - 2.00, Large Mocha - 2.70, Regular Frappes - Strawberries & Cream - 2.75, Large Smoothies - Glowing Greens - 2.50, Large Smoothies - Glowing Greens - 2.50",12.45,CARD,4165214185734772
01/12/2023 14:38,Longridge,Helen Pearce,"Regular Flavoured iced latte - Caramel - 2.75, Regular Frappes - Strawberries & Cream - 2.75, Large Speciality Tea - Earl Grey - 1.60, Large Frappes - Strawberries & Cream - 3.25, Large Glass of milk - 1.10, Large Frappes - Strawberries & Cream - 3.25",14.7,CARD,7363848227187745
01/12/2023 14:41,Longridge,Andrew Brey,Regular Flavoured iced latte - Caramel - 2.75,2.75,CARD,9263302719877533
01/12/2023 14:44,Longridge,Derek Gardner,"Regular Frappes - Strawberries & Cream - 2.75, Large Flavoured iced latte - Caramel - 3.25, Large Glass of milk - 1.10",7.1,CARD,7772954951951783
01/12/2023 14:47,Longridge,Janet Wheeler,"Large Speciality Tea - Earl Grey - 1.60, Regular Mocha - 2.30, Regular Frappes - Strawberries & Cream - 2.75, Large Frappes - Strawberries & Cream - 3.25, Regular Speciality Tea - Earl Grey - 1.30, Large Speciality Tea - Earl Grey - 1.60",12.8,CASH,
01/12/2023 14:50,Longridge,Glenn Jones,"Regular Mocha - 2.30, Large Mocha - 2.70, Large Speciality Tea - Earl Grey - 1.60",6.6,CASH,
01/12/2023 14:53,Longridge,James Cooper,"Regular Smoothies - Glowing Greens - 2.00, Regular Flavoured iced latte - Caramel - 2.75, Large Smoothies - Glowing Greens - 2.50, Large Mocha - 2.70, Regular Speciality Tea - Earl Grey - 1.30",11.25,CARD,1231818457662502
01/12/2023 14:57,Longridge,Julio Colon,"Large Frappes - Strawberries & Cream - 3.25, Large Glass of milk - 1.10",4.35,CARD,5841340588186375
01/12/2023 15:00,Longridge,Wilton Gideon,Large Glass of milk - 1.10,1.1,CARD,2597733927115117
01/12/2023 15:01,Longridge,Michael Jones,"Regular Frappes - Strawberries & Cream - 2.75, Regular Smoothies - Glowing Greens - 2.00",4.75,CARD,8478996261218992
01/12/2023 15:02,Longridge,Jean Wolverton,"Large Frappes - Strawberries & Cream - 3.25, Large Frappes - Strawberries & Cream - 3.25, Large Frappes - Strawberries & Cream - 3.25, Large Speciality Tea - Earl Grey - 1.60, Regular Mocha - 2.30, Regular Flavoured iced latte - Caramel - 2.75",16.4,CARD,7240417879091014
01/12/2023 15:03,Longridge,Andrea Shiels,"Regular Speciality Tea - Earl Grey - 1.30, Large Mocha - 2.70",4.0,CASH,
01/12/2023 15:04,Longridge,Lisa Scovil,"Regular Frappes - Strawberries & Cream - 2.75, Regular Glass of milk - 0.70, Regular Mocha - 2.30, Large Frappes - Strawberries & Cream - 3.25, Regular Flavoured iced latte - Caramel - 2.75, Regular Speciality Tea - Earl Grey - 1.30",13.05,CASH,
01/12/2023 15:05,Longridge,Michael Reinhart,Regular Mocha - 2.30,2.3,CARD,1460742544401980
01/12/2023 15:06,Longridge,Brian Lewis,"Large Speciality Tea - Earl Grey - 1.60, Regular Frappes - Strawberries & Cream - 2.75",4.35,CARD,1811459150815050
01/12/2023 15:07,Longridge,Ida Matlock,Large Frappes - Strawberries & Cream - 3.25,3.25,CASH,
01/12/2023 15:08,Longridge,Sheila Conway,"Large Mocha - 2.70, Regular Mocha - 2.30",5.0,CARD,2946423987432813
01/12/2023 15:09,Longridge,Ben Chavez,"Large Flavoured iced latte - Caramel - 3.25, Large Frappes - Strawberries & Cream - 3.25, Regular Mocha - 2.30, Regular Glass of milk - 0.70, Large Smoothies - Glowing Greens - 2.50, Large Glass of milk - 1.10",13.1,CARD,6306608623645001
01/12/2023 15:10,Longridge,Ervin Blakley,"Regular Glass of milk - 0.70, Large Smoothies - Glowing Greens - 2.50, Large Glass of milk - 1.10",4.3,CASH,
01/12/2023 15:11,Longridge,Bethany James,"Regular Mocha - 2.30, Regular Glass of milk - 0.70",3.0,CARD,8390311862418613
01/12/2023 15:12,Longridge,Chris Raiola,"Large Glass of milk - 1.10, Large Smoothies - Glowing Greens - 2.50",3.6,CARD,5830921575635900
01/12/2023 15:13,Longridge,Tammy Haines,"Large Speciality Tea - Earl Grey - 1.60, Large Flavoured iced latte - Caramel - 3.25",4.85,CARD,9743458673445516
01/12/2023 15:14,Longridge,Sarah Swartz,"Large Speciality Tea - Earl Grey - 1.60, Regular Mocha - 2.30",3.9,CASH,
01/12/2023 15:15,Longridge,Patricia Beaudoin,Regular Frappes - Strawberries & Cream - 2.75,2.75,CASH,
01/12/2023 15:16,Longridge,Laura Marrero,Regular Mocha - 2.30,2.3,CASH,
01/12/2023 15:17,Longridge,Fanny Smith,"Regular Frappes - Strawberries & Cream - 2.75, Regular Flavoured iced latte - Caramel - 2.75, Large Smoothies - Glowing Greens - 2.50, Large Glass of milk - 1.10, Large Frappes - Strawberries & Cream - 3.25",12.35,CARD,7018589653819567
01/12/2023 15:18,Longridge,James Smithers,Large Flavoured iced latte - Caramel - 3.25,3.25,CASH,
01/12/2023 15:19,Longridge,Jeannine Lawrence,Large Glass of milk - 1.10,1.1,CARD,1956818270277979
01/12/2023 15:20,Longridge,Ada Wilson,"Large Glass of milk - 1.10, Regular Mocha - 2.30, Regular Speciality Tea - Earl Grey - 1.30, Large Frappes - Strawberries & Cream - 3.25, Large Frappes - Strawberries & Cream - 3.25",11.2,CARD,8077940977508985
01/12/2023 15:21,Longridge,Melissa Gruis,Regular Speciality Tea - Earl Grey - 1.30,1.3,CASH,
01/12/2023 15:22,Longridge,Beulah Jones,Regular Smoothies - Glowing Greens - 2.00,2.0,CASH,
01/12/2023 15:23,Longridge,Alfred Irby,"Large Flavoured iced latte - Caramel - 3.25, Regular Flavoured iced latte - Caramel - 2.75, Large Flavoured iced latte - Caramel - 3.25, Regular Speciality Tea - Earl Grey - 1.30, Large Glass of milk - 1.10",11.65,CASH,
01/12/2023 15:25,Longridge,Gracie Vicic,"Large Smoothies - Glowing Greens - 2.50, Regular Mocha - 2.30",4.8,CARD,7648723824380482
01/12/2023 15:26,Longridge,Rebecca Mcgilvray,"Large Glass of milk - 1.10, Regular Smoothies - Glowing Greens - 2.00, Large Frappes - Strawberries & Cream - 3.25, Regular Mocha - 2.30",8.65,CASH,
01/12/2023 15:27,Longridge,Milton Foster,"Large Flavoured iced latte - Caramel - 3.25, Regular Mocha - 2.30",5.55,CARD,7690305207633320
01/12/2023 15:28,Longridge,Leon Flenard,Regular Glass of milk - 0.70,0.7,CARD,7270143979202993
01/12/2023 15:29,Longridge,Debra Reno,"Regular Mocha - 2.30, Regular Flavoured iced latte - Caramel - 2.75, Large Smoothies - Glowing Greens - 2.50",7.55,CARD,7789265864626201
01/12/2023 15:30,Longridge,Michael Knight,Large Flavoured iced latte - Caramel - 3.25,3.25,CASH,
01/12/2023 15:31,Longridge,John Anderson,"Large Glass of milk - 1.10, Large Speciality Tea - Earl Grey - 1.60, Regular Smoothies - Glowing Greens - 2.00",4.7,CASH,
01/12/2023 15:32,Longridge,Blake Hollifield,"Large Flavoured iced latte - Caramel - 3.25, Regular Flavoured iced latte - Caramel - 2.75",6.0,CARD,1575428550436933
01/12/2023 15:33,Longridge,Bob Mitchell,"Large Speciality Tea - Earl Grey - 1.60, Regular Mocha - 2.30, Large Smoothies - Glowing Greens - 2.50, Large Glass of milk - 1.10",7.5,CARD,8624593628445127
01/12/2023 15:34,Longridge,Max Perham,"Regular Speciality Tea - Earl Grey - 1.30, Regular Frappes - Strawberries & Cream - 2.75, Regular Flavoured iced latte - Caramel - 2.75, Large Smoothies - Glowing Greens - 2.50, Large Mocha - 2.70, Large Smoothies - Glowing Greens - 2.50",14.5,CARD,1653820935630232
01/12/2023 15:35,Longridge,Mark Speis,Regular Smoothies - Glowing Greens - 2.00,2.0,CARD,4161220640351032
01/12/2023 15:36,Longridge,Tricia Webb,Regular Flavoured iced latte - Caramel - 2.75,2.75,CARD,3339741216295416
01/12/2023 15:37,Longridge,Johnny Sumpter,"Regular Speciality Tea - Earl Grey - 1.30, Large Flavoured iced latte - Caramel - 3.25",4.55,CASH,
01/12/2023 15:38,Longridge,Eva Putnam,Large Mocha - 2.70,2.7,CARD,8256920888658374
01/12/2023 15:39,Longridge,Maurice Hubert,"Regular Glass of milk - 0.70, Large Flavoured iced latte - Caramel - 3.25, Regular Speciality Tea - Earl Grey - 1.30, Large Mocha - 2.70, Regular Mocha - 2.30, Regular Glass of milk - 0.70",10.95,CARD,6029110695349643
01/12/2023 15:40,Longridge,Brian Palmore,"Large Mocha - 2.70, Large Speciality Tea - Earl Grey - 1.60, Large Flavoured iced latte - Caramel - 3.25",7.55,CARD,3289586446389552
01/12/2023 15:41,Longridge,Tanya Sole,"Large Mocha - 2.70, Regular Flavoured iced latte - Caramel - 2.75",5.45,CARD,6571694027763901
01/12/2023 15:42,Longridge,Stacy Thomas,"Large Mocha - 2.70, Large Speciality Tea - Earl Grey - 1.60, Large Mocha - 2.70",7.0,CASH,
01/12/2023 15:43,Longridge,Steven Eager,"Large Frappes - Strawberries & Cream - 3.25, Large Flavoured iced latte - Caramel - 3.25, Regular Mocha - 2.30",8.8,CARD,9434608090083518
01/12/2023 15:44,Longridge,John Rose,"Large Glass of milk - 1.10, Large Speciality Tea - Earl Grey - 1.60, Regular Glass of milk - 0.70, Regular Smoothies - Glowing Greens - 2.00, Large Glass of milk - 1.10, Large Speciality Tea - Earl Grey - 1.60",8.1,CASH,
01/12/2023 15:45,Longridge,Carmen Dunn,"Regular Speciality Tea - Earl Grey - 1.30, Regular Smoothies - Glowing Greens - 2.00, Large Frappes - Strawberries & Cream - 3.25, Large Speciality Tea - Earl Grey - 1.60",8.15,CARD,3343953497645401
01/12/2023 15:46,Longridge,Oliver Aaberg,"Regular Speciality Tea - Earl Grey - 1.30, Regular Mocha - 2.30, Regular Speciality Tea - Earl Grey - 1.30",4.9,CASH,
01/12/2023 15:47,Longridge,Mary Higgins,Regular Speciality Tea - Earl Grey - 1.30,1.3,CARD,9812979016645910
01/12/2023 15:48,Longridge,Heike Hayzlett,"Regular Glass of milk - 0.70, Large Speciality Tea - Earl Grey - 1.60, Regular Smoothies - Glowing Greens - 2.00",4.3,CARD,5661330141411950
01/12/2023 15:49,Longridge,Rosario Perkins,"Regular Smoothies - Glowing Greens - 2.00, Large Flavoured iced latte - Caramel - 3.25",5.25,CARD,5633070752940749
01/12/2023 15:50,Longridge,Charlie Sande,"Large Frappes - Strawberries & Cream - 3.25, Large Frappes - Strawberries & Cream - 3.25, Large Glass of milk - 1.10, Regular Flavoured iced latte - Caramel - 2.75, Large Glass of milk - 1.10, Large Frappes - Strawberries & Cream - 3.25",14.7,CARD,9957263752289389
01/12/2023 15:51,Longridge,Steven Tinoco,"Large Flavoured iced latte - Caramel - 3.25, Large Frappes - Strawberries & Cream - 3.25, Regular Frappes - Strawberries & Cream - 2.75, Large Frappes - Strawberries & Cream - 3.25",12.5,CARD,1890410098899695
01/12/2023 15:52,Longridge,Nancy Komula,"Regular Speciality Tea - Earl Grey - 1.30, Large Frappes - Strawberries & Cream - 3.25, Regular Flavoured iced latte - Caramel - 2.75",7.3,CARD,3161300680153207
01/12/2023 15:53,Longridge,Marilyn Chilton,"Large Frappes - Strawberries & Cream - 3.25, Regular Flavoured iced latte - Caramel - 2.75, Large Frappes - Strawberries & Cream - 3.25, Regular Frappes - Strawberries & Cream - 2.75, Large Speciality Tea - Earl Grey - 1.60, Large Frappes - Strawberries & Cream - 3.25",16.85,CASH,
01/12/2023 15:54,Longridge,David Hill,"Large Speciality Tea - Earl Grey - 1.60, Regular Flavoured iced latte - Caramel - 2.75, Regular Flavoured iced latte - Caramel - 2.75",7.1,CARD,6684874523167028
01/12/2023 15:56,Longridge,Charles Ralph,"Large Smoothies - Glowing Greens - 2.50, Regular Frappes - Strawberries & Cream - 2.75, Regular Speciality Tea - Earl Grey - 1.30, Regular Frappes - Strawberries & Cream - 2.75, Regular Mocha - 2.30, Regular Flavoured iced latte - Caramel - 2.75",14.35,CARD,8459445349287212
01/12/2023 15:57,Longridge,Doris Mitchell,"Regular Frappes - Strawberries & Cream - 2.75, Regular Flavoured iced latte - Caramel - 2.75, Large Mocha - 2.70",8.2,CARD,8015480741483944
01/12/2023 15:58,Longridge,Valorie Richardson,"Large Frappes - Strawberries & Cream - 3.25, Regular Mocha - 2.30, Regular Frappes - Strawberries & Cream - 2.75, Large Speciality Tea - Earl Grey - 1.60, Large Speciality Tea - Earl Grey - 1.60, Regular Smoothies - Glowing Greens - 2.00",13.5,CASH,
01/12/2023 15:59,Longridge,Lottie Williams,"Regular Frappes - Strawberries & Cream - 2.75, Large Mocha - 2.70",5.45,CARD,6940801602514088
01/12/2023 16:00,Longridge,Michael Christ,"Large Speciality Tea - Earl Grey - 1.60, Large Smoothies - Glowing Greens - 2.50",4.1,CASH,
01/12/2023 16:02,Longridge,John Folkerts,"Large Glass of milk - 1.10, Regular Frappes - Strawberries & Cream - 2.75, Regular Smoothies - Glowing Greens - 2.00",5.85,CARD,9532733258096053
01/12/2023 16:04,Longridge,James Scruggs,"Regular Smoothies - Glowing Greens - 2.00, Large Glass of milk - 1.10, Large Speciality Tea - Earl Grey - 1.60",4.7,CASH,
01/12/2023 16:06,Longridge,Mark Melton,Large Mocha - 2.70,2.7,CARD,8193151532238154
01/12/2023 16:08,Longridge,Neal Marin,"Large Glass of milk - 1.10, Regular Smoothies - Glowing Greens - 2.00, Regular Frappes - Strawberries & Cream - 2.75",5.85,CASH,
01/12/2023 16:10,Longridge,Jose Olson,Large Flavoured iced latte - Caramel - 3.25,3.25,CARD,2169813936549007
01/12/2023 16:12,Longridge,Christopher Singleton,"Regular Frappes - Strawberries & Cream - 2.75, Regular Smoothies - Glowing Greens - 2.00, Large Smoothies - Glowing Greens - 2.50, Regular Smoothies - Glowing Greens - 2.00",9.25,CASH,
01/12/2023 16:14,Longridge,Michael Orta,Regular Glass of milk - 0.70,0.7,CARD,4504158507789770
01/12/2023 16:16,Longridge,Matthew Skipper,"Regular Frappes - Strawberries & Cream - 2.75, Large Speciality Tea - Earl Grey - 1.60",4.35,CASH,
01/12/2023 16:18,Longridge,Henry Pontillo,"Large Flavoured iced latte - Caramel - 3.25, Regular Glass of milk - 0.70, Large Flavoured iced latte - Caramel - 3.25, Large Glass of milk - 1.10, Large Glass of milk - 1.10",9.4,CARD,6308682931777076
01/12/2023 16:20,Longridge,Michael Hauser,"Large Frappes - Strawberries & Cream - 3.25, Regular Mocha - 2.30, Large Flavoured iced latte - Caramel - 3.25, Regular Glass of milk - 0.70",9.5,CARD,9245929759455522
01/12/2023 16:22,Longridge,Robert Thomas,Large Frappes - Strawberries & Cream - 3.25,3.25,CARD,6710502808466318
01/12/2023 16:24,Longridge,Willie Napier,Large Smoothies - Glowing Greens - 2.50,2.5,CASH,
01/12/2023 16:26,Longridge,Steven Schulz,"Large Flavoured iced latte - Caramel - 3.25, Regular Frappes - Strawberries & Cream - 2.75, Large Flavoured iced latte - Caramel - 3.25, Regular Glass of milk - 0.70",9.95,CARD,6566813281651177
01/12/2023 16:28,Longridge,Jessica Ashby,"Regular Smoothies - Glowing Greens - 2.00, Regular Glass of milk - 0.70",2.7,CARD,6707844180698560
01/12/2023 16:30,Longridge,Jake Mcallister,Regular Frappes - Strawberries & Cream - 2.75,2.75,CARD,1378816382629468
01/12/2023 16:32,Longridge,James Fifield,"Regular Speciality Tea - Earl Grey - 1.30, Regular Mocha - 2.30",3.6,CARD,5284733321768826
01/12/2023 16:34,Longridge,Leon Garrett,"Large Glass of milk - 1.10, Large Smoothies - Glowing Greens - 2.50",3.6,CARD,5841874810759876
01/12/2023 16:36,Longridge,Barry Samuels,"Large Flavoured iced latte - Caramel - 3.25, Regular Speciality Tea - Earl Grey - 1.30, Regular Flavoured iced latte - Caramel - 2.75, Large Speciality Tea - Earl Grey - 1.60",8.9,CARD,4307882647824734
01/12/2023 16:38,Longridge,Leonora Walker,Large Glass of milk - 1.10,1.1,CASH,
01/12/2023 16:40,Longridge,Vickie Hurst,"Regular Speciality Tea - Earl Grey - 1.30, Large Frappes - Strawberries & Cream - 3.25, Large Frappes - Strawberries & Cream - 3.25, Large Smoothies - Glowing Greens - 2.50",10.3,CARD,4569076526026579
01/12/2023 16:42,Longridge,Judith Gonzalez,"Regular Glass of milk - 0.70, Regular Mocha - 2.30, Large Flavoured iced latte - Caramel - 3.25",6.25,CASH,
01/12/2023 16:44,Longridge,James Jolin,"Regular Frappes - Strawberries & Cream - 2.75, Large Mocha - 2.70, Regular Speciality Tea - Earl Grey - 1.30, Large Flavoured iced latte - Caramel - 3.25",10.0,CASH,
01/12/2023 16:46,Longridge,Cecelia Berry,"Regular Glass of milk - 0.70, Large Smoothies - Glowing Greens - 2.50, Regular Smoothies - Glowing Greens - 2.00, Regular Flavoured iced latte - Caramel - 2.75",7.95,CASH,
01/12/2023 16:48,Longridge,Robyn Turner,"Large Speciality Tea - Earl Grey - 1.60, Large Smoothies - Glowing Greens - 2.50",4.1,CARD,5802361664892911
01/12/2023 16:50,Longridge,Martha Michelle,"Regular Speciality Tea - Earl Grey - 1.30, Regular Glass of milk - 0.70, Large Mocha - 2.70, Large Speciality Tea - Earl Grey - 1.60, Large Mocha - 2.70",9.0,CARD,7805207949883639
01/12/2023 16:52,Longridge,Roy Wilson,"Large Mocha - 2.70, Regular Glass of milk - 0.70",3.4,CASH,
01/12/2023 16:54,Longridge,Barbara Smith,Regular Flavoured iced latte - Caramel - 2.75,2.75,CASH,
01/12/2023 16:56,Longridge,Roderick Fox,"Regular Smoothies - Glowing Greens - 2.00, Regular Frappes - Strawberries & Cream - 2.75",4.75,CARD,8538339877398451
01/12/2023 16:58,Longridge,Bobby Sandstrom,"Large Glass of milk - 1.10, Large Smoothies - Glowing Greens - 2.50, Large Speciality Tea - Earl Grey - 1.60, Large Speciality Tea - Earl Grey - 1.60, Regular Glass of milk - 0.70",7.5,CASH,
