28/11/2023 09:00,Longridge,Tracy Perry,Regular Smoothies - Glowing Greens - 2.00,2.0,CASH,
28/11/2023 09:01,Longridge,Anna Davis,"Large Speciality Tea - Earl Grey - 1.60, Large Glass of milk - 1.10",2.7,CASH,
28/11/2023 09:02,Longridge,Christopher Alejandro,"Large Smoothies - Glowing Greens - 2.50, Large Flavoured iced latte - Caramel - 3.25",5.75,CARD,7770314408222714
28/11/2023 09:03,Longridge,Heidi Saunders,Regular Smoothies - Glowing Greens - 2.00,2.0,CARD,2092395317440695
28/11/2023 09:04,Longridge,Patrick Chapman,Regular Glass of milk - 0.70,0.7,CASH,
28/11/2023 09:05,Longridge,Scott Sciabica,"Large Frappes - Strawberries & Cream - 3.25, Large Mocha - 2.70",5.95,CARD,3242352980759868
28/11/2023 09:06,Longridge,Phillip Lannier,"Regular Mocha - 2.30, Regular Frappes - Strawberries & Cream - 2.75",5.05,CARD,7515054021817457
28/11/2023 09:07,Longridge,Rosaura Paduano,"Large Smoothies - Glowing Greens - 2.50, Large Mocha - 2.70, Regular Speciality Tea - Earl Grey - 1.30",6.5,CARD,7284552750986600
28/11/2023 09:08,Longridge,Petra Villanueva,"Large Flavoured iced latte - Caramel - 3.25, Regular Smoothies - Glowing Greens - 2.00, Large Smoothies - Glowing Greens - 2.50, Regular Frappes - Strawberries & Cream - 2.75, Regular Speciality Tea - Earl Grey - 1.30",11.8,CARD,4833269962987743
28/11/2023 09:09,Longridge,Cheryl Lafayette,"Large Frappes - Strawberries & Cream - 3.25, Large Glass of milk - 1.10, Regular Speciality Tea - Earl Grey - 1.30, Regular Glass of milk - 0.70",6.35,CASH,
28/11/2023 09:10,Longridge,Fernando Perry,Large Flavoured iced latte - Caramel - 3.25,3.25,CARD,3300869164896910
28/11/2023 09:11,Longridge,Bobby Jacobs,Large Mocha - 2.70,2.7,CARD,6003502075478513
28/11/2023 09:13,Longridge,Mark Pickens,"Regular Flavoured iced latte - Caramel - 2.75, Regular Smoothies - Glowing Greens - 2.00",4.75,CARD,4142774337680974
28/11/2023 09:14,Longridge,Almeda Adams,"Large Speciality Tea - Earl Grey - 1.60, Large Frappes - Strawberries & Cream - 3.25, Regular Smoothies - Glowing Greens - 2.00, Regular Glass of milk - 0.70, Large Speciality Tea - Earl Grey - 1.60",9.15,CARD,7160505461112251
28/11/2023 09:15,Longridge,Ashley Lilly,"Regular Smoothies - Glowing Greens - 2.00, Regular Glass of milk - 0.70",2.7,CASH,
28/11/2023 09:16,Longridge,Jeremiah Schantz,"Regular Mocha - 2.30, Large Frappes - Strawberries & Cream - 3.25, Large Frappes - Strawberries & Cream - 3.25",8.8,CASH,
28/11/2023 09:17,Longridge,Brian Evans,"Large Glass of milk - 1.10, Large Speciality Tea - Earl Grey - 1.60, Regular Smoothies - Glowing Greens - 2.00, Large Flavoured iced latte - Caramel - 3.25, Regular Smoothies - Glowing Greens - 2.00",9.95,CARD,5499323478162591
28/11/2023 09:18,Longridge,Dorothy Harris,"Regular Frappes - Strawberries & Cream - 2.75, Regular Frappes - Strawberries & Cream - 2.75, Large Smoothies - Glowing Greens - 2.50, Large Glass of milk - 1.10, Large Flavoured iced latte - Caramel - 3.25, Large Speciality Tea - Earl Grey - 1.60",13.95,CARD,8140939080227095
28/11/2023 09:19,Longridge,Charles Lieder,"Large Speciality Tea - Earl Grey - 1.60, Large Mocha - 2.70, Regular Frappes - Strawberries & Cream - 2.75",7.05,CASH,
28/11/2023 09:20,Longridge,Mary Williams,"Regular Flavoured iced latte - Caramel - 2.75, Regular Smoothies - Glowing Greens - 2.00, Large Smoothies - Glowing Greens - 2.50",7.25,CARD,8705076550920667
28/11/2023 09:21,Longridge,Michael Coronado,"Regular Smoothies - Glowing Greens - 2.00, Regular Mocha - 2.30",4.3,CARD,8282248471600133
28/11/2023 09:22,Longridge,Elisabeth Lee,"Regular Mocha - 2.30, Large Smoothies - Glowing Greens - 2.50, Large Speciality Tea - Earl Grey - 1.60, Large Mocha - 2.70",9.1,CARD,4639029467431023
28/11/2023 09:23,Longridge,Terrell Oeltjen,"Regular Mocha - 2.30, Large Flavoured iced latte - Caramel - 3.25, Large Frappes - Strawberries & Cream - 3.25, Large Smoothies - Glowing Greens - 2.50",11.3,CARD,3938261877308767
28/11/2023 09:24,Longridge,Roderick Lucey,"Large Glass of milk - 1.10, Regular Flavoured iced latte - Caramel - 2.75",3.85,CARD,5524219894792605
28/11/2023 09:26,Longridge,Susie Mcgruder,"Large Flavoured iced latte - Caramel - 3.25, Regular Smoothies - Glowing Greens - 2.00",5.25,CASH,
28/11/2023 09:27,Longridge,Hector Riley,Large Glass of milk - 1.10,1.1,CARD,8907204169508512
28/11/2023 09:28,Longridge,Tabatha Witty,"Large Flavoured iced latte - Caramel - 3.25, Regular Smoothies - Glowing Greens - 2.00, Regular Mocha - 2.30",7.55,CARD,8088971661450826
28/11/2023 09:29,Longridge,Jenny Rudder,Regular Speciality Tea - Earl Grey - 1.30,1.3,CARD,4953576063541087
28/11/2023 09:30,Longridge,Chris Ong,"Large Glass of milk - 1.10, Large Mocha - 2.70",3.8,CARD,6983286815402783
28/11/2023 09:31,Longridge,George Barr,"Regular Speciality Tea - Earl Grey - 1.30, Regular Glass of milk - 0.70, Large Mocha - 2.70",4.7,CARD,8192140328455642
28/11/2023 09:32,Longridge,William Huffstetler,Large Speciality Tea - Earl Grey - 1.60,1.6,CARD,8831010267647851
28/11/2023 09:33,Longridge,Georgina Powell,"Large Smoothies - Glowing Greens - 2.50, Regular Mocha - 2.30, Regular Frappes - Strawberries & Cream - 2.75, Large Glass of milk - 1.10, Regular Mocha - 2.30, Large Smoothies - Glowing Greens - 2.50",13.45,CARD,8660742080516239
28/11/2023 09:34,Longridge,Michael Willard,"Large Frappes - Strawberries & Cream - 3.25, Large Frappes - Strawberries & Cream - 3.25, Large Flavoured iced latte - Caramel - 3.25, Large Glass of milk - 1.10, Large Frappes - Strawberries & Cream - 3.25, Large Flavoured iced latte - Caramel - 3.25",17.35,CARD,5243532932093806
28/11/2023 09:35,Longridge,Carol Hanners,Regular Glass of milk - 0.70,0.7,CARD,6376312283350189
28/11/2023 09:36,Longridge,Melissa Pringle,Regular Glass of milk - 0.70,0.7,CARD,9330752843464411
28/11/2023 09:37,Longridge,Zachary Culbreth,"Large Glass of milk - 1.10, Large Flavoured iced latte - Caramel - 3.25",4.35,CARD,2810140025719564
28/11/2023 09:39,Longridge,Tony Sams,"Regular Flavoured iced latte - Caramel - 2.75, Regular Mocha - 2.30, Regular Frappes - Strawberries & Cream - 2.75, Large Speciality Tea - Earl Grey - 1.60, Large Flavoured iced latte - Caramel - 3.25",12.65,CARD,6435667680948238
28/11/2023 09:40,Longridge,Allison Womack,"Large Smoothies - Glowing Greens - 2.50, Large Mocha - 2.70, Large Frappes - Strawberries & Cream - 3.25, Regular Glass of milk - 0.70, Regular Smoothies - Glowing Greens - 2.00",11.15,CARD,1000332142767397
28/11/2023 09:41,Longridge,Susan Casas,"Large Speciality Tea - Earl Grey - 1.60, Large Glass of milk - 1.10, Large Smoothies - Glowing Greens - 2.50, Regular Smoothies - Glowing Greens - 2.00, Regular Glass of milk - 0.70",7.9,CARD,7328188424440847
28/11/2023 09:42,Longridge,Christopher Clark,"Large Smoothies - Glowing Greens - 2.50, Large Smoothies - Glowing Greens - 2.50, Large Smoothies - Glowing Greens - 2.50",7.5,CASH,
28/11/2023 09:43,Longridge,Linda Butler,"Regular Frappes - Strawberries & Cream - 2.75, Large Frappes - Strawberries & Cream - 3.25, Large Smoothies - Glowing Greens - 2.50, Regular Frappes - Strawberries & Cream - 2.75, Large Speciality Tea - Earl Grey - 1.60",12.85,CARD,5747251061413048
28/11/2023 09:44,Longridge,William Lyons,"Regular Glass of milk - 0.70, Regular Frappes - Strawberries & Cream - 2.75, Regular Speciality Tea - Earl Grey - 1.30, Regular Frappes - Strawberries & Cream - 2.75",7.5,CASH,
28/11/2023 09:45,Longridge,Jenna Alton,"Large Mocha - 2.70, Regular Smoothies - Glowing Greens - 2.00, Large Speciality Tea - Earl Grey - 1.60, Large Mocha - 2.70",9.0,CARD,4374573802153476
28/11/2023 09:46,Longridge,Joe Dingle,"Large Flavoured iced latte - Caramel - 3.25, Regular Smoothies - Glowing Greens - 2.00",5.25,CARD,9637877383250399
28/11/2023 09:47,Longridge,Russell Baker,"Large Speciality Tea - Earl Grey - 1.60, Large Frappes - Strawberries & Cream - 3.25, Regular Mocha - 2.30, Large Flavoured iced latte - Caramel - 3.25",10.4,CARD,3779876783330646
28/11/2023 09:48,Longridge,Eleanore James,"Large Flavoured iced latte - Caramel - 3.25, Large Speciality Tea - Earl Grey - 1.60, Large Smoothies - Glowing Greens - 2.50, Regular Glass of milk - 0.70, Regular Mocha - 2.30",10.35,CASH,
28/11/2023 09:49,Longridge,Dennis Kea,"Large Frappes - Strawberries & Cream - 3.25, Regular Smoothies - Glowing Greens - 2.00, Large Smoothies - Glowing Greens - 2.50, Large Glass of milk - 1.10",8.85,CARD,1705295104589067
28/11/2023 09:50,Longridge,Adolfo Ross,"Large Mocha - 2.70, Large Mocha - 2.70",5.4,CASH,
28/11/2023 09:52,Longridge,James Clark,"Large Smoothies - Glowing Greens - 2.50, Regular Mocha - 2.30",4.8,CARD,2554951711224467
28/11/2023 09:53,Longridge,Elizabeth Peterson,"Large Mocha - 2.70, Regular Frappes - Strawberries & Cream - 2.75, Regular Speciality Tea - Earl Grey - 1.30",6.75,CASH,
28/11/2023 09:54,Longridge,Wendell Majeski,Large Mocha - 2.70,2.7,CARD,2339681619229014
28/11/2023 09:55,Longridge,Karen Cordova,"Regular Smoothies - Glowing Greens - 2.00, Large Glass of milk - 1.10, Regular Smoothies - Glowing Greens - 2.00",5.1,CASH,
28/11/2023 09:56,Longridge,Ian Boyer,Regular Frappes - Strawberries & Cream - 2.75,2.75,CARD,3817604142934774
28/11/2023 09:57,Longridge,Kelley Ro,"Regular Frappes - Strawberries & Cream - 2.75, Large Flavoured iced latte - Caramel - 3.25",6.0,CARD,8215521184950683
28/11/2023 09:58,Longridge,Tina Stanton,"Regular Glass of milk - 0.70, Regular Speciality Tea - Earl Grey - 1.30, Regular Frappes - Strawberries & Cream - 2.75, Regular Mocha - 2.30",7.05,CARD,7627795216957441
28/11/2023 09:59,Longridge,Bryan Jordan,Large Frappes - Strawberries & Cream - 3.25,3.25,CASH,
28/11/2023 10:00,Longridge,Max Withers,"Large Speciality Tea - Earl Grey - 1.60, Regular Speciality Tea - Earl Grey - 1.30, Regular Speciality Tea - Earl Grey - 1.30, Regular Frappes - Strawberries & Cream - 2.75, Regular Mocha - 2.30, Regular Speciality Tea - Earl Grey - 1.30",10.55,CASH,
28/11/2023 10:03,Longridge,James Frazier,"Large Smoothies - Glowing Greens - 2.50, Regular Mocha - 2.30, Large Glass of milk - 1.10",5.9,CARD,3047775115184403
28/11/2023 10:06,Longridge,Megan Pullins,"Large Smoothies - Glowing Greens - 2.50, Large Frappes - Strawberries & Cream - 3.25, Regular Mocha - 2.30",8.05,CARD,9090962067557887
28/11/2023 10:10,Longridge,Marilynn Carson,"Regular Smoothies - Glowing Greens - 2.00, Regular Mocha - 2.30, Regular Frappes - Strawberries & Cream - 2.75, Large Mocha - 2.70, Large Flavoured iced latte - Caramel - 3.25",13.0,CARD,6328141425490543
28/11/2023 10:13,Longridge,Stephen Roberson,"Large Frappes - Strawberries & Cream - 3.25, Regular Mocha - 2.30",5.55,CARD,7112034849400393
28/11/2023 10:16,Longridge,Maryellen Luevano,"Regular Glass of milk - 0.70, Large Smoothies - Glowing Greens - 2.50, Regular Flavoured iced latte - Caramel - 2.75, Large Speciality Tea - Earl Grey - 1.60, Large Frappes - Strawberries & Cream - 3.25",10.8,CASH,
28/11/2023 10:19,Longridge,Kristopher Leavitt,"Large Speciality Tea - Earl Grey - 1.60, Regular Flavoured iced latte - Caramel - 2.75, Large Smoothies - Glowing Greens - 2.50",6.85,CASH,
28/11/2023 10:22,Longridge,Ronald Moh,"Large Glass of milk - 1.10, Large Smoothies - Glowing Greens - 2.50, Large Mocha - 2.70, Regular Smoothies - Glowing Greens - 2.00, Large Mocha - 2.70",11.0,CARD,3981415192662356
28/11/2023 10:25,Longridge,Reba Gover,"Large Mocha - 2.70, Regular Frappes - Strawberries & Cream - 2.75",5.45,CARD,8167527336688843
28/11/2023 10:29,Longridge,Mallory Wilson,"Large Glass of milk - 1.10, Regular Smoothies - Glowing Greens - 2.00",3.1,CARD,7862766879943235
28/11/2023 10:32,Longridge,Cynthia Webster,"Large Frappes - Strawberries & Cream - 3.25, Regular Frappes - Strawberries & Cream - 2.75, Large Glass of milk - 1.10, Regular Mocha - 2.30, Regular Mocha - 2.30, Regular Speciality Tea - Earl Grey - 1.30",13.0,CARD,4445942509469185
28/11/2023 10:35,Longridge,James Knights,Regular Flavoured iced latte - Caramel - 2.75,2.75,CARD,5293658309761199
28/11/2023 10:38,Longridge,Ramon Rose,"Large Glass of milk - 1.10, Regular Frappes - Strawberries & Cream - 2.75, Regular Mocha - 2.30, Regular Smoothies - Glowing Greens - 2.00",8.15,CARD,4012814235071614
28/11/2023 10:41,Longridge,Dorothy Hylton,"Large Mocha - 2.70, Large Mocha - 2.70",5.4,CARD,8067542176949762
28/11/2023 10:44,Longridge,Sean Mason,"Large Glass of milk - 1.10, Regular Flavoured iced latte - Caramel - 2.75, Regular Flavoured iced latte - Caramel - 2.75, Large Glass of milk - 1.10, Regular Flavoured iced latte - Caramel - 2.75",10.45,CARD,4151485457957929
28/11/2023 10:47,Longridge,Scott Forti,"Regular Frappes - Strawberries & Cream - 2.75, Large Glass of milk - 1.10",3.85,CARD,8023980854686971
28/11/2023 10:51,Longridge,Teresa Polley,Regular Smoothies - Glowing Greens - 2.00,2.0,CARD,7547503493635946
28/11/2023 10:54,Longridge,Elizabeth Hutchison,"Large Glass of milk - 1.10, Regular Flavoured iced latte - Caramel - 2.75, Large Frappes - Strawberries & Cream - 3.25, Large Frappes - Strawberries & Cream - 3.25, Large Mocha - 2.70",13.05,CARD,2423702331871725
28/11/2023 10:57,Longridge,Gerald Ehrhart,"Regular Frappes - Strawberries & Cream - 2.75, Large Flavoured iced latte - Caramel - 3.25, Regular Frappes - Strawberries & Cream - 2.75",8.75,CARD,9477407944072852
28/11/2023 11:00,Longridge,David Fernandez,"Large Glass of milk - 1.10, Regular Frappes - Strawberries & Cream - 2.75, Regular Mocha - 2.30, Large Flavoured iced latte - Caramel - 3.25",9.4,CARD,7981473787694468
28/11/2023 11:08,Longridge,Clinton Roper,"Large Frappes - Strawberries & Cream - 3.25, Regular Flavoured iced latte - Caramel - 2.75, Large Glass of milk - 1.10",7.1,CARD,5351749387696014
28/11/2023 11:15,Longridge,Rafael Jones,"Large Speciality Tea - Earl Grey - 1.60, Regular Smoothies - Glowing Greens - 2.00, Large Flavoured iced latte - Caramel - 3.25, Regular Smoothies - Glowing Greens - 2.00",8.85,CASH,
28/11/2023 11:23,Longridge,Dean Tussey,"Regular Speciality Tea - Earl Grey - 1.30, Regular Speciality Tea - Earl Grey - 1.30, Regular Flavoured iced latte - Caramel - 2.75",5.35,CASH,
28/11/2023 11:30,Longridge,Dorothy Ludwig,"Large Glass of milk - 1.10, Regular Frappes - Strawberries & Cream - 2.75, Large Smoothies - Glowing Greens - 2.50",6.35,CARD,4830028744105017
28/11/2023 11:38,Longridge,Blanca Johnson,"Large Frappes - Strawberries & Cream - 3.25, Large Flavoured iced latte - Caramel - 3.25, Regular Speciality Tea - Earl Grey - 1.30, Large Speciality Tea - Earl Grey - 1.60",9.4,CASH,
28/11/2023 11:45,Longridge,Jolene Lee,"Large Mocha - 2.70, Regular Speciality Tea - Earl Grey - 1.30, Regular Speciality Tea - Earl Grey - 1.30, Large Frappes - Strawberries & Cream - 3.25",8.55,CASH,
28/11/2023 11:53,Longridge,Geoffrey Mcfarland,"Large Speciality Tea - Earl Grey - 1.60, Regular Frappes - Strawberries & Cream - 2.75, Large Flavoured iced latte - Caramel - 3.25",7.6,CARD,4900708291544851
28/11/2023 12:00,Longridge,Robert Scott,"Large Flavoured iced latte - Caramel - 3.25, Large Speciality Tea - Earl Grey - 1.60",4.85,CARD,4473061667325777
28/11/2023 12:06,Longridge,Lisa Frank,Large Mocha - 2.70,2.7,CARD,6930744174915899
28/11/2023 12:12,Longridge,Stephanie Avery,"Regular Mocha - 2.30, Large Smoothies - Glowing Greens - 2.50, Regular Glass of milk - 0.70",5.5,CARD,7028772696128626
28/11/2023 12:18,Longridge,Thomas Longfellow,Regular Frappes - Strawberries & Cream - 2.75,2.75,CARD,2838426907722122
28/11/2023 12:24,Longridge,Kelly Baker,"Large Glass of milk - 1.10, Large Glass of milk - 1.10",2.2,CARD,6728381740237654
28/11/2023 12:30,Longridge,Orlando Dunn,"Regular Smoothies - Glowing Greens - 2.00, Large Flavoured iced latte - Caramel - 3.25",5.25,CARD,4108842055813582
28/11/2023 12:36,Longridge,Clemente Moak,"Large Speciality Tea - Earl Grey - 1.60, Regular Mocha - 2.30",3.9,CASH,
28/11/2023 12:42,Longridge,James Levy,Regular Frappes - Strawberries & Cream - 2.75,2.75,CASH,
28/11/2023 12:48,Longridge,Betty Bailey,"Regular Frappes - Strawberries & Cream - 2.75, Regular Smoothies - Glowing Greens - 2.00",4.75,CARD,9141195453965873
28/11/2023 12:54,Longridge,John Smith,Large Smoothies - Glowing Greens - 2.50,2.5,CASH,
28/11/2023 13:00,Longridge,Elizabeth Britton,"Regular Frappes - Strawberries & Cream - 2.75, Regular Frappes - Strawberries & Cream - 2.75",5.5,CARD,4404089476361937
28/11/2023 13:01,Longridge,Valencia Rios,"Large Mocha - 2.70, Large Glass of milk - 1.10, Large Smoothies - Glowing Greens - 2.50, Regular Frappes - Strawberries & Cream - 2.75",9.05,CASH,
28/11/2023 13:02,Longridge,Mary Page,"Large Glass of milk - 1.10, Large Smoothies - Glowing Greens - 2.50, Regular Glass of milk - 0.70, Regular Speciality Tea - Earl Grey - 1.30, Large Speciality Tea - Earl Grey - 1.60",7.2,CARD,8629810594468536
28/11/2023 13:03,Longridge,Mary Lenters,"Large Frappes - Strawberries & Cream - 3.25, Large Smoothies - Glowing Greens - 2.50, Regular Speciality Tea - Earl Grey - 1.30",7.05,CASH,
28/11/2023 13:04,Longridge,Steven Crisp,"Regular Glass of milk - 0.70, Large Speciality Tea - Earl Grey - 1.60, Large Smoothies - Glowing Greens - 2.50",4.8,CARD,1744623225997479
28/11/2023 13:05,Longridge,Lance Pierce,"Large Smoothies - Glowing Greens - 2.50, Large Glass of milk - 1.10",3.6,CASH,
28/11/2023 13:06,Longridge,Christine Hill,Large Frappes - Strawberries & Cream - 3.25,3.25,CARD,8273926354426127
28/11/2023 13:07,Longridge,Karen Williamson,"Regular Flavoured iced latte - Caramel - 2.75, Regular Flavoured iced latte - Caramel - 2.75, Regular Speciality Tea - Earl Grey - 1.30",6.8,CARD,1402040562282846
28/11/2023 13:08,Longridge,Pat Moore,"Regular Smoothies - Glowing Greens - 2.00, Regular Speciality Tea - Earl Grey - 1.30, Large Frappes - Strawberries & Cream - 3.25, Regular Smoothies - Glowing Greens - 2.00, Regular Speciality Tea - Earl Grey - 1.30",9.85,CASH,
28/11/2023 13:09,Longridge,Dora Ingram,"Large Glass of milk - 1.10, Large Smoothies - Glowing Greens - 2.50, Large Speciality Tea - Earl Grey - 1.60, Large Mocha - 2.70",7.9,CARD,2723778271043030
28/11/2023 13:10,Longridge,Martin Wiley,Large Frappes - Strawberries & Cream - 3.25,3.25,CARD,3687772137090707
28/11/2023 13:10,Longridge,Carolyn Noland,"Large Flavoured iced latte - Caramel - 3.25, Regular Speciality Tea - Earl Grey - 1.30",4.55,CARD,1418488926976680
28/11/2023 13:11,Longridge,Adeline Kelley,"Large Mocha - 2.70, Regular Mocha - 2.30, Large Mocha - 2.70, Large Flavoured iced latte - Caramel - 3.25",10.95,CARD,4151365166389868
28/11/2023 13:12,Longridge,William Steinert,"Regular Frappes - Strawberries & Cream - 2.75, Regular Mocha - 2.30",5.05,CASH,
28/11/2023 13:13,Longridge,Brian Castrejon,"Regular Frappes - Strawberries & Cream - 2.75, Regular Flavoured iced latte - Caramel - 2.75, Large Frappes - Strawberries & Cream - 3.25, Large Smoothies - Glowing Greens - 2.50, Large Smoothies - Glowing Greens - 2.50, Large Mocha - 2.70",16.45,CARD,3948037916670020
28/11/2023 13:14,Longridge,Joann Seeley,"Regular Flavoured iced latte - Caramel - 2.75, Regular Glass of milk - 0.70",3.45,CARD,5743042057713175
28/11/2023 13:15,Longridge,Julia Rowe,"Regular Frappes - Strawberries & Cream - 2.75, Regular Mocha - 2.30, Large Mocha - 2.70, Regular Flavoured iced latte - Caramel - 2.75",10.5,CARD,2184721389936569
28/11/2023 13:16,Longridge,Beatrice Reither,"Regular Smoothies - Glowing Greens - 2.00, Regular Flavoured iced latte - Caramel - 2.75, Large Speciality Tea - Earl Grey - 1.60, Regular Mocha - 2.30",8.65,CARD,2678408791345865
28/11/2023 13:17,Longridge,Mary Conroy,"Regular Smoothies - Glowing Greens - 2.00, Regular Speciality Tea - Earl Grey - 1.30, Large Speciality Tea - Earl Grey - 1.60, Large Flavoured iced latte - Caramel - 3.25, Regular Mocha - 2.30",10.45,CASH,
28/11/2023 13:18,Longridge,Francisco Wolf,"Large Mocha - 2.70, Large Speciality Tea - Earl Grey - 1.60, Large Smoothies - Glowing Greens - 2.50",6.8,CARD,5660617751269435
28/11/2023 13:19,Longridge,Stephanie Sterling,"Regular Mocha - 2.30, Regular Speciality Tea - Earl Grey - 1.30, Large Speciality Tea - Earl Grey - 1.60, Regular Speciality Tea - Earl Grey - 1.30",6.5,CARD,4394601668894343
28/11/2023 13:20,Longridge,James Weinberg,"Large Mocha - 2.70, Large Mocha - 2.70, Large Frappes - Strawberries & Cream - 3.25, Large Speciality Tea - Earl Grey - 1.60, Large Speciality Tea - Earl Grey - 1.60, Large Flavoured iced latte - Caramel - 3.25",15.1,CARD,3254415561506823
28/11/2023 13:21,Longridge,Dianna Busch,"Large Frappes - Strawberries & Cream - 3.25, Large Smoothies - Glowing Greens - 2.50, Large Flavoured iced latte - Caramel - 3.25",9.0,CARD,6937096101011381
28/11/2023 13:22,Longridge,Laurie Gragg,"Large Mocha - 2.70, Large Glass of milk - 1.10",3.8,CARD,8913839015124583
28/11/2023 13:23,Longridge,Joseph Macko,"Regular Glass of milk - 0.70, Regular Speciality Tea - Earl Grey - 1.30, Large Frappes - Strawberries & Cream - 3.25, Regular Speciality Tea - Earl Grey - 1.30, Regular Speciality Tea - Earl Grey - 1.30, Regular Glass of milk - 0.70",8.55,CARD,7270862952473333
28/11/2023 13:24,Longridge,James Haliburton,"Large Speciality Tea - Earl Grey - 1.60, Large Flavoured iced latte - Caramel - 3.25, Regular Frappes - Strawberries & Cream - 2.75, Regular Flavoured iced latte - Caramel - 2.75",10.35,CARD,2824387877445591
28/11/2023 13:25,Longridge,Sheryl Wagner,"Large Frappes - Strawberries & Cream - 3.25, Large Flavoured iced latte - Caramel - 3.25, Regular Flavoured iced latte - Caramel - 2.75, Regular Flavoured iced latte - Caramel - 2.75",12.0,CASH,
28/11/2023 13:26,Longridge,Roy Stone,"Regular Smoothies - Glowing Greens - 2.00, Large Frappes - Strawberries & Cream - 3.25, Regular Smoothies - Glowing Greens - 2.00, Regular Speciality Tea - Earl Grey - 1.30, Large Smoothies - Glowing Greens - 2.50",11.05,CASH,
28/11/2023 13:27,Longridge,Arthur Brede,"Regular Mocha - 2.30, Regular Frappes - Strawberries & Cream - 2.75, Regular Glass of milk - 0.70",5.75,CARD,8738226094421136
28/11/2023 13:28,Longridge,Stephen Hedges,"Large Frappes - Strawberries & Cream - 3.25, Regular Frappes - Strawberries & Cream - 2.75, Regular Smoothies - Glowing Greens - 2.00, Regular Mocha - 2.30",10.3,CARD,3753141458769692
28/11/2023 13:29,Longridge,Jessica Craft,"Large Frappes - Strawberries & Cream - 3.25, Regular Frappes - Strawberries & Cream - 2.75, Large Glass of milk - 1.10, Regular Flavoured iced latte - Caramel - 2.75, Regular Smoothies - Glowing Greens - 2.00, Regular Mocha - 2.30",14.15,CARD,2069347360663373
28/11/2023 13:29,Longridge,Robert Boose,Regular Frappes - Strawberries & Cream - 2.75,2.75,CARD,9219017002642380
28/11/2023 13:30,Longridge,Mildred Bailey,"Regular Frappes - Strawberries & Cream - 2.75, Large Speciality Tea - Earl Grey - 1.60",4.35,CASH,
28/11/2023 13:31,Longridge,Marta Ogrady,"Regular Frappes - Strawberries & Cream - 2.75, Large Mocha - 2.70, Large Glass of milk - 1.10, Regular Speciality Tea - Earl Grey - 1.30, Large Smoothies - Glowing Greens - 2.50",10.35,CARD,3354417900876355
28/11/2023 13:32,Longridge,Joseph Davis,Large Speciality Tea - Earl Grey - 1.60,1.6,CASH,
28/11/2023 13:33,Longridge,Mary Mccaslin,"Regular Mocha - 2.30, Regular Glass of milk - 0.70",3.0,CARD,3012929577421655
28/11/2023 13:34,Longridge,Raul Noel,"Regular Speciality Tea - Earl Grey - 1.30, Large Flavoured iced latte - Caramel - 3.25, Large Speciality Tea - Earl Grey - 1.60, Large Frappes - Strawberries & Cream - 3.25, Regular Frappes - Strawberries & Cream - 2.75, Large Speciality Tea - Earl Grey - 1.60",13.75,CARD,3518187516379781
28/11/2023 13:35,Longridge,David Morris,"Regular Glass of milk - 0.70, Large Smoothies - Glowing Greens - 2.50, Large Mocha - 2.70, Large Frappes - Strawberries & Cream - 3.25, Regular Frappes - Strawberries & Cream - 2.75, Large Frappes - Strawberries & Cream - 3.25",15.15,CARD,5152130221434345
28/11/2023 13:36,Longridge,Erik Hernandez,"Regular Glass of milk - 0.70, Large Smoothies - Glowing Greens - 2.50, Large Mocha - 2.70",5.9,CASH,
28/11/2023 13:37,Longridge,Paul Cox,"Regular Speciality Tea - Earl Grey - 1.30, Large Frappes - Strawberries & Cream - 3.25",4.55,CARD,4717363294888388
28/11/2023 13:38,Longridge,William Ramirez,Large Speciality Tea - Earl Grey - 1.60,1.6,CASH,
28/11/2023 13:39,Longridge,Newton Stoddard,"Regular Frappes - Strawberries & Cream - 2.75, Regular Speciality Tea - Earl Grey - 1.30, Regular Flavoured iced latte - Caramel - 2.75, Large Mocha - 2.70, Regular Speciality Tea - Earl Grey - 1.30, Large Speciality Tea - Earl Grey - 1.60",12.4,CARD,7302288857513140
28/11/2023 13:40,Longridge,Inez Wright,"Large Glass of milk - 1.10, Large Speciality Tea - Earl Grey - 1.60, Large Frappes - Strawberries & Cream - 3.25, Large Mocha - 2.70, Regular Speciality Tea - Earl Grey - 1.30, Regular Flavoured iced latte - Caramel - 2.75",12.7,CARD,4243758478483242
28/11/2023 13:41,Longridge,Barbara Gussler,"Large Glass of milk - 1.10, Large Smoothies - Glowing Greens - 2.50",3.6,CARD,5942071866030455
28/11/2023 13:42,Longridge,Charles Bey,"Regular Glass of milk - 0.70, Regular Mocha - 2.30",3.0,CASH,
28/11/2023 13:43,Longridge,James Neeley,"Regular Frappes - Strawberries & Cream - 2.75, Large Frappes - Strawberries & Cream - 3.25",6.0,CARD,6736962861757720
28/11/2023 13:44,Longridge,Joaquin Nelson,"Large Speciality Tea - Earl Grey - 1.60, Regular Flavoured iced latte - Caramel - 2.75",4.35,CASH,
28/11/2023 13:45,Longridge,Jesse Medina,Regular Flavoured iced latte - Caramel - 2.75,2.75,CARD,5407182343101571
28/11/2023 13:46,Longridge,Christopher Carsey,"Regular Flavoured iced latte - Caramel - 2.75, Large Mocha - 2.70",5.45,CARD,4007505627761812
28/11/2023 13:47,Longridge,Richard Lauzon,Regular Speciality Tea - Earl Grey - 1.30,1.3,CARD,1890296502001854
28/11/2023 13:48,Longridge,Alex Garrido,Large Flavoured iced latte - Caramel - 3.25,3.25,CASH,
28/11/2023 13:48,Longridge,Amy Johnson,"Regular Flavoured iced latte - Caramel - 2.75, Large Flavoured iced latte - Caramel - 3.25, Regular Flavoured iced latte - Caramel - 2.75, Large Mocha - 2.70, Large Speciality Tea - Earl Grey - 1.60",13.05,CASH,
28/11/2023 13:49,Longridge,Amy Doherty,"Regular Frappes - Strawberries & Cream - 2.75, Regular Frappes - Strawberries & Cream - 2.75",5.5,CARD,5691652491073481
28/11/2023 13:50,Longridge,Wayne Mccraw,"Large Flavoured iced latte - Caramel - 3.25, Regular Speciality Tea - Earl Grey - 1.30",4.55,CARD,1318277798829012
28/11/2023 13:51,Longridge,Sherry Wiederwax,Regular Speciality Tea - Earl Grey - 1.30,1.3,CARD,8241085287672647
28/11/2023 13:52,Longridge,Robert Brown,Regular Flavoured iced latte - Caramel - 2.75,2.75,CARD,3339753515812294
28/11/2023 13:53,Longridge,Debbie Grandy,"Regular Flavoured iced latte - Caramel - 2.75, Large Flavoured iced latte - Caramel - 3.25, Regular Frappes - Strawberries & Cream - 2.75",8.75,CASH,
28/11/2023 13:54,Longridge,Jeffery Morgan,Regular Frappes - Strawberries & Cream - 2.75,2.75,CARD,4173176656723351
28/11/2023 13:55,Longridge,Phillip Stratton,"Large Frappes - Strawberries & Cream - 3.25, Regular Frappes - Strawberries & Cream - 2.75, Large Glass of milk - 1.10, Regular Speciality Tea - Earl Grey - 1.30, Regular Smoothies - Glowing Greens - 2.00",10.4,CASH,
28/11/2023 13:56,Longridge,Judith Armstrong,Large Flavoured iced latte - Caramel - 3.25,3.25,CARD,3664227149024262
28/11/2023 13:57,Longridge,Philip Furman,"Large Frappes - Strawberries & Cream - 3.25, Large Smoothies - Glowing Greens - 2.50, Regular Frappes - Strawberries & Cream - 2.75",8.5,CARD,6803277610787823
28/11/2023 13:58,Longridge,Bobby Hatcher,"Regular Flavoured iced latte - Caramel - 2.75, Large Frappes - Strawberries & Cream - 3.25, Regular Flavoured iced latte - Caramel - 2.75",8.75,CARD,7030797267184410
28/11/2023 13:59,Longridge,Harold Rose,"Large Smoothies - Glowing Greens - 2.50, Regular Flavoured iced latte - Caramel - 2.75, Regular Frappes - Strawberries & Cream - 2.75, Regular Speciality Tea - Earl Grey - 1.30, Large Smoothies - Glowing Greens - 2.50",11.8,CARD,7134760659814578
28/11/2023 14:00,Longridge,Mary Vigor,"Large Speciality Tea - Earl Grey - 1.60, Large Frappes - Strawberries & Cream - 3.25, Regular Flavoured iced latte - Caramel - 2.75",7.6,CARD,7212650410221576
28/11/2023 14:03,Longridge,James Martinez,"Large Smoothies - Glowing Greens - 2.50, Large Frappes - Strawberries & Cream - 3.25, Large Speciality Tea - Earl Grey - 1.60, Large Flavoured iced latte - Caramel - 3.25",10.6,CARD,7978457036047739
28/11/2023 14:06,Longridge,Lucille Crudup,Large Glass of milk - 1.10,1.1,CARD,4137745836726839
28/11/2023 14:09,Longridge,Margie Darling,Regular Glass of milk - 0.70,0.7,CARD,7990489601532616
28/11/2023 14:12,Longridge,Stephan Massimino,"Regular Mocha - 2.30, Regular Glass of milk - 0.70, Large Flavoured iced latte - Caramel - 3.25, Regular Glass of milk - 0.70",6.95,CARD,1092143850307610
28/11/2023 14:16,Longridge,Jerry Mcgrath,"Regular Mocha - 2.30, Large Glass of milk - 1.10, Regular Glass of milk - 0.70, Regular Frappes - Strawberries & Cream - 2.75",6.85,CASH,
28/11/2023 14:19,Longridge,Joseph Thomsen,"Large Flavoured iced latte - Caramel - 3.25, Large Glass of milk - 1.10",4.35,CARD,5696435343424170
28/11/2023 14:22,Longridge,Lessie Woods,Large Frappes - Strawberries & Cream - 3.25,3.25,CARD,2531143089683860
28/11/2023 14:25,Longridge,Sharon Willemsen,Large Speciality Tea - Earl Grey - 1.60,1.6,CARD,3342654566572734
28/11/2023 14:28,Longridge,Michael Rosas,Regular Frappes - Strawberries & Cream - 2.75,2.75,CARD,2930500416766676
28/11/2023 14:31,Longridge,Elizabeth Smalley,"Regular Mocha - 2.30, Regular Glass of milk - 0.70, Large Frappes - Strawberries & Cream - 3.25, Regular Speciality Tea - Earl Grey - 1.30",7.55,CARD,3295506262879258
28/11/2023 14:35,Longridge,Reinaldo Gonzales,"Large Smoothies - Glowing Greens - 2.50, Regular Glass of milk - 0.70, Large Glass of milk - 1.10, Regular Speciality Tea - Earl Grey - 1.30",5.6,CARD,8382350487996228
28/11/2023 14:38,Longridge,Paula Rowell,"Large Smoothies - Glowing Greens - 2.50, Regular Flavoured iced latte - Caramel - 2.75",5.25,CARD,6060012462833820
28/11/2023 14:41,Longridge,James Vargas,Regular Frappes - Strawberries & Cream - 2.75,2.75,CARD,1007600565444701
28/11/2023 14:44,Longridge,Laverne Barbin,"Regular Flavoured iced latte - Caramel - 2.75, Regular Glass of milk - 0.70",3.45,CARD,5014896654240989
28/11/2023 14:47,Longridge,Peggy Hines,"Regular Flavoured iced latte - Caramel - 2.75, Regular Speciality Tea - Earl Grey - 1.30, Regular Flavoured iced latte - Caramel - 2.75",6.8,CASH,
28/11/2023 14:50,Longridge,Richard Hatter,Large Smoothies - Glowing Greens - 2.50,2.5,CARD,4182882458795815
28/11/2023 14:53,Longridge,Lucy Mann,"Regular Mocha - 2.30, Regular Flavoured iced latte - Caramel - 2.75, Large Flavoured iced latte - Caramel - 3.25, Large Smoothies - Glowing Greens - 2.50, Regular Smoothies - Glowing Greens - 2.00, Large Mocha - 2.70",15.5,CARD,8908475297532771
28/11/2023 14:57,Longridge,Kyle Phelps,Regular Glass of milk - 0.70,0.7,CARD,7741378192354796
28/11/2023 15:00,Longridge,Stephen Laborde,"Regular Smoothies - Glowing Greens - 2.00, Large Frappes - Strawberries & Cream - 3.25",5.25,CARD,5684358507613025
28/11/2023 15:01,Longridge,Jane Hollenbach,Regular Mocha - 2.30,2.3,CARD,1188322154852274
28/11/2023 15:02,Longridge,Joshua Fonseca,"Large Flavoured iced latte - Caramel - 3.25, Large Flavoured iced latte - Caramel - 3.25",6.5,CASH,
28/11/2023 15:03,Longridge,David Allen,Regular Frappes - Strawberries & Cream - 2.75,2.75,CARD,8101104992167724
28/11/2023 15:04,Longridge,Mark Reilly,"Regular Flavoured iced latte - Caramel - 2.75, Regular Flavoured iced latte - Caramel - 2.75, Large Mocha - 2.70, Regular Flavoured iced latte - Caramel - 2.75",10.95,CASH,
28/11/2023 15:05,Longridge,Nydia Leon,"Large Flavoured iced latte - Caramel - 3.25, Large Glass of milk - 1.10, Large Speciality Tea - Earl Grey - 1.60, Regular Frappes - Strawberries & Cream - 2.75",8.7,CARD,1463450738459820
28/11/2023 15:06,Longridge,Antonette Smith,Large Mocha - 2.70,2.7,CARD,6484118292926219
28/11/2023 15:07,Longridge,James Hooks,"Large Flavoured iced latte - Caramel - 3.25, Large Flavoured iced latte - Caramel - 3.25, Regular Glass of milk - 0.70",7.2,CARD,1727528668989142
28/11/2023 15:08,Longridge,Darrell Salazar,"Large Smoothies - Glowing Greens - 2.50, Regular Frappes - Strawberries & Cream - 2.75, Large Mocha - 2.70, Regular Speciality Tea - Earl Grey - 1.30, Large Mocha - 2.70",11.95,CARD,1454394352267345
28/11/2023 15:09,Longridge,Jessica Faulkner,Large Glass of milk - 1.10,1.1,CASH,
28/11/2023 15:10,Longridge,Alvin Jenkins,"Large Frappes - Strawberries & Cream - 3.25, Regular Flavoured iced latte - Caramel - 2.75, Large Flavoured iced latte - Caramel - 3.25, Large Speciality Tea - Earl Grey - 1.60",10.85,CARD,5805443781990301
28/11/2023 15:11,Longridge,Anthony Muresan,"Regular Flavoured iced latte - Caramel - 2.75, Large Mocha - 2.70",5.45,CASH,
28/11/2023 15:12,Longridge,Jason Pope,"Regular Speciality Tea - Earl Grey - 1.30, Regular Glass of milk - 0.70",2.0,CARD,5350966777941660
28/11/2023 15:13,Longridge,Virginia Kimber,Large Mocha - 2.70,2.7,CASH,
28/11/2023 15:14,Longridge,Mark Aguirre,Large Mocha - 2.70,2.7,CARD,9551813448164115
28/11/2023 15:15,Longridge,John Trombly,"Regular Speciality Tea - Earl Grey - 1.30, Large Smoothies - Glowing Greens - 2.50",3.8,CARD,1032793917937540
28/11/2023 15:16,Longridge,Frank Urban,"Regular Smoothies - Glowing Greens - 2.00, Regular Speciality Tea - Earl Grey - 1.30, Large Glass of milk - 1.10, Regular Frappes - Strawberries & Cream - 2.75",7.15,CARD,2995154552698272
28/11/2023 15:17,Longridge,Allen Hunter,"Regular Frappes - Strawberries & Cream - 2.75, Large Smoothies - Glowing Greens - 2.50, Regular Frappes - Strawberries & Cream - 2.75, Regular Flavoured iced latte - Caramel - 2.75",10.75,CARD,1593892284018661
28/11/2023 15:18,Longridge,Vanna Dalton,"Large Mocha - 2.70, Regular Speciality Tea - Earl Grey - 1.30, Regular Glass of milk - 0.70",4.7,CARD,9963744046624242
28/11/2023 15:19,Longridge,Pamela Daily,Large Mocha - 2.70,2.7,CASH,
28/11/2023 15:20,Longridge,Veronica Swanson,"Regular Speciality Tea - Earl Grey - 1.30, Regular Flavoured iced latte - Caramel - 2.75",4.05,CASH,
28/11/2023 15:21,Longridge,Bettie Mulvey,Large Glass of milk - 1.10,1.1,CASH,
28/11/2023 15:22,Longridge,Joyce Harris,"Regular Glass of milk - 0.70, Large Smoothies - Glowing Greens - 2.50, Regular Glass of milk - 0.70, Large Speciality Tea - Earl Grey - 1.60, Large Smoothies - Glowing Greens - 2.50",8.0,CARD,1699423396650502
28/11/2023 15:23,Longridge,Tammie Wheeler,Regular Flavoured iced latte - Caramel - 2.75,2.75,CARD,2550609435494424
28/11/2023 15:25,Longridge,Debra Guzman,"Large Mocha - 2.70, Regular Speciality Tea - Earl Grey - 1.30",4.0,CARD,2109637736435079
28/11/2023 15:26,Longridge,Hettie Mehlig,"Large Mocha - 2.70, Regular Mocha - 2.30, Large Mocha - 2.70",7.7,CASH,
28/11/2023 15:27,Longridge,Sue Harvey,"Regular Frappes - Strawberries & Cream - 2.75, Large Glass of milk - 1.10, Regular Smoothies - Glowing Greens - 2.00",5.85,CARD,1883314785080790
28/11/2023 15:28,Longridge,Martin Fajardo,Regular Mocha - 2.30,2.3,CARD,2871673333173690
28/11/2023 15:29,Longridge,Breanne Baum,"Regular Flavoured iced latte - Caramel - 2.75, Large Smoothies - Glowing Greens - 2.50",5.25,CARD,9491740451511730
28/11/2023 15:30,Longridge,Jackie Gullatte,Large Frappes - Strawberries & Cream - 3.25,3.25,CARD,2114418963426604
28/11/2023 15:31,Longridge,Clarence Johnson,"Regular Frappes - Strawberries & Cream - 2.75, Large Speciality Tea - Earl Grey - 1.60, Regular Flavoured iced latte - Caramel - 2.75, Large Speciality Tea - Earl Grey - 1.60",8.7,CARD,7822897088056405
28/11/2023 15:32,Longridge,James Resch,"Regular Frappes - Strawberries & Cream - 2.75, Large Frappes - Strawberries & Cream - 3.25, Large Frappes - Strawberries & Cream - 3.25, Large Flavoured iced latte - Caramel - 3.25, Large Flavoured iced latte - Caramel - 3.25",15.75,CARD,2037600546874672
28/11/2023 15:33,Longridge,Amy Casey,"Large Mocha - 2.70, Large Speciality Tea - Earl Grey - 1.60, Regular Glass of milk - 0.70",5.0,CARD,8985417040916943
28/11/2023 15:34,Longridge,Allison Ellison,Large Speciality Tea - Earl Grey - 1.60,1.6,CASH,
28/11/2023 15:35,Longridge,Rita Cohen,"Large Glass of milk - 1.10, Regular Glass of milk - 0.70, Large Glass of milk - 1.10, Large Speciality Tea - Earl Grey - 1.60",4.5,CARD,3406712661068563
28/11/2023 15:36,Longridge,Juan Searles,Regular Smoothies - Glowing Greens - 2.00,2.0,CARD,4304685026759602
28/11/2023 15:37,Longridge,Jesus Mattews,"Regular Frappes - Strawberries & Cream - 2.75, Regular Smoothies - Glowing Greens - 2.00, Regular Frappes - Strawberries & Cream - 2.75, Regular Glass of milk - 0.70, Regular Flavoured iced latte - Caramel - 2.75",10.95,CARD,9668590849676152
28/11/2023 15:38,Longridge,Richard Luchetti,"Large Speciality Tea - Earl Grey - 1.60, Large Speciality Tea - Earl Grey - 1.60",3.2,CARD,6089823589102854
28/11/2023 15:39,Longridge,Edith Hutchinson,"Regular Speciality Tea - Earl Grey - 1.30, Large Frappes - Strawberries & Cream - 3.25",4.55,CASH,
28/11/2023 15:40,Longridge,Floyd Latham,"Large Flavoured iced latte - Caramel - 3.25, Regular Flavoured iced latte - Caramel - 2.75, Large Flavoured iced latte - Caramel - 3.25",9.25,CARD,9624585483404821
28/11/2023 15:41,Longridge,Louise Morrison,"Regular Mocha - 2.30, Regular Speciality Tea - Earl Grey - 1.30",3.6,CARD,8005016584515267
28/11/2023 15:42,Longridge,Dawn Segal,"Large Speciality Tea - Earl Grey - 1.60, Regular Speciality Tea - Earl Grey - 1.30, Large Speciality Tea - Earl Grey - 1.60",4.5,CARD,5314312654273213
28/11/2023 15:43,Longridge,Jettie Garstka,Large Mocha - 2.70,2.7,CASH,
28/11/2023 15:44,Longridge,Shauna Boyd,"Large Smoothies - Glowing Greens - 2.50, Regular Frappes - Strawberries & Cream - 2.75, Regular Mocha - 2.30",7.55,CARD,5407452480001238
28/11/2023 15:45,Longridge,Cherie Chiasson,"Regular Speciality Tea - Earl Grey - 1.30, Large Flavoured iced latte - Caramel - 3.25",4.55,CARD,7132800781470890
28/11/2023 15:46,Longridge,John Price,"Regular Glass of milk - 0.70, Large Flavoured iced latte - Caramel - 3.25",3.95,CARD,5178206821417042
28/11/2023 15:47,Longridge,Shirley Carson,"Large Mocha - 2.70, Large Mocha - 2.70",5.4,CASH,
28/11/2023 15:48,Longridge,Shirley Lewis,"Large Speciality Tea - Earl Grey - 1.60, Large Smoothies - Glowing Greens - 2.50, Large Flavoured iced latte - Caramel - 3.25, Large Speciality Tea - Earl Grey - 1.60",8.95,CARD,7149094399245248
28/11/2023 15:49,Longridge,Anthony Sills,Regular Speciality Tea - Earl Grey - 1.30,1.3,CARD,9135720333201090
28/11/2023 15:50,Longridge,Marguerite Anderson,"Large Speciality Tea - Earl Grey - 1.60, Regular Frappes - Strawberries & Cream - 2.75, Regular Mocha - 2.30, Large Flavoured iced latte - Caramel - 3.25",9.9,CASH,
28/11/2023 15:51,Longridge,Celina Trippi,Regular Glass of milk - 0.70,0.7,CARD,7711415540331177
28/11/2023 15:52,Longridge,Harry Jenkins,"Regular Flavoured iced latte - Caramel - 2.75, Large Frappes - Strawberries & Cream - 3.25",6.0,CARD,6337927133695813
28/11/2023 15:53,Longridge,Ronald Miyasato,"Regular Flavoured iced latte - Caramel - 2.75, Large Mocha - 2.70, Regular Glass of milk - 0.70",6.15,CARD,5273327643772833
28/11/2023 15:54,Longridge,Gemma Hartley,"Regular Smoothies - Glowing Greens - 2.00, Regular Smoothies - Glowing Greens - 2.00, Regular Glass of milk - 0.70",4.7,CASH,
28/11/2023 15:56,Longridge,Karla Winograd,"Regular Frappes - Strawberries & Cream - 2.75, Regular Flavoured iced latte - Caramel - 2.75, Regular Glass of milk - 0.70, Regular Mocha - 2.30, Regular Smoothies - Glowing Greens - 2.00",10.5,CARD,1872924690007784
28/11/2023 15:57,Longridge,Floyd Hollander,"Large Glass of milk - 1.10, Large Glass of milk - 1.10",2.2,CARD,1897290866217899
28/11/2023 15:58,Longridge,Sarah Carson,"Regular Speciality Tea - Earl Grey - 1.30, Regular Mocha - 2.30, Regular Glass of milk - 0.70, Large Frappes - Strawberries & Cream - 3.25, Large Flavoured iced latte - Caramel - 3.25, Large Flavoured iced latte - Caramel - 3.25",14.05,CARD,6397715041358001
28/11/2023 15:59,Longridge,Dollie Helfrich,"Large Frappes - Strawberries & Cream - 3.25, Regular Flavoured iced latte - Caramel - 2.75, Regular Flavoured iced latte - Caramel - 2.75",8.75,CARD,6730364079962988
28/11/2023 16:00,Longridge,Leonard Flens,"Large Frappes - Strawberries & Cream - 3.25, Regular Speciality Tea - Earl Grey - 1.30",4.55,CASH,
28/11/2023 16:02,Longridge,Jennifer Roseboro,"Large Smoothies - Glowing Greens - 2.50, Regular Mocha - 2.30",4.8,CARD,1777661326115877
28/11/2023 16:04,Longridge,Ashley Parkerson,"Regular Flavoured iced latte - Caramel - 2.75, Large Mocha - 2.70, Regular Frappes - Strawberries & Cream - 2.75",8.2,CARD,1561606849011363
28/11/2023 16:06,Longridge,Joseph Mellin,Large Smoothies - Glowing Greens - 2.50,2.5,CASH,
28/11/2023 16:08,Longridge,Dane Mcgrath,"Regular Frappes - Strawberries & Cream - 2.75, Large Glass of milk - 1.10",3.85,CASH,
28/11/2023 16:10,Longridge,Teresa Flores,Regular Smoothies - Glowing Greens - 2.00,2.0,CARD,9286990269713124
28/11/2023 16:12,Longridge,Billie Bishop,"Large Flavoured iced latte - Caramel - 3.25, Regular Glass of milk - 0.70, Regular Smoothies - Glowing Greens - 2.00, Regular Mocha - 2.30, Regular Speciality Tea - Earl Grey - 1.30, Regular Mocha - 2.30",11.85,CARD,8590231664157699
28/11/2023 16:14,Longridge,Randall Santiago,"Large Mocha - 2.70, Large Smoothies - Glowing Greens - 2.50, Regular Flavoured iced latte - Caramel - 2.75, Large Speciality Tea - Earl Grey - 1.60, Regular Mocha - 2.30",11.85,CARD,5730921303798699
28/11/2023 16:16,Longridge,Jeanne Henderson,"Large Frappes - Strawberries & Cream - 3.25, Regular Mocha - 2.30, Large Glass of milk - 1.10, Large Flavoured iced latte - Caramel - 3.25",9.9,CARD,3101939145851571
28/11/2023 16:18,Longridge,Argelia Stanton,Large Glass of milk - 1.10,1.1,CASH,
28/11/2023 16:20,Longridge,Sara Defazio,"Large Flavoured iced latte - Caramel - 3.25, Regular Mocha - 2.30, Large Speciality Tea - Earl Grey - 1.60, Large Glass of milk - 1.10, Regular Mocha - 2.30",10.55,CASH,
28/11/2023 16:22,Longridge,William Wolff,"Large Speciality Tea - Earl Grey - 1.60, Regular Glass of milk - 0.70, Regular Speciality Tea - Earl Grey - 1.30, Large Flavoured iced latte - Caramel - 3.25, Large Flavoured iced latte - Caramel - 3.25",10.1,CARD,9232571506983721
28/11/2023 16:24,Longridge,Roberto Lewis,Large Speciality Tea - Earl Grey - 1.60,1.6,CARD,9523554042441219
28/11/2023 16:26,Longridge,Tyrone Jones,Regular Flavoured iced latte - Caramel - 2.75,2.75,CASH,
28/11/2023 16:28,Longridge,Wendy Wilson,"Large Frappes - Strawberries & Cream - 3.25, Regular Frappes - Strawberries & Cream - 2.75, Regular Mocha - 2.30, Regular Frappes - Strawberries & Cream - 2.75, Large Glass of milk - 1.10",12.15,CARD,6126882123917145
28/11/2023 16:30,Longridge,Tonya Soapes,"Large Speciality Tea - Earl Grey - 1.60, Regular Mocha - 2.30, Large Speciality Tea - Earl Grey - 1.60",5.5,CARD,7572293053079432
28/11/2023 16:32,Longridge,Charles Buchholz,Large Smoothies - Glowing Greens - 2.50,2.5,CASH,
28/11/2023 16:34,Longridge,Martha Gilley,"Regular Smoothies - Glowing Greens - 2.00, Large Flavoured iced latte - Caramel - 3.25, Large Glass of milk - 1.10, Regular Mocha - 2.30, Large Glass of milk - 1.10, Large Frappes - Strawberries & Cream - 3.25",13.0,CASH,
28/11/2023 16:36,Longridge,David Mcghee,Large Flavoured iced latte - Caramel - 3.25,3.25,CASH,
28/11/2023 16:38,Longridge,Nina Gibson,"Regular Frappes - Strawberries & Cream - 2.75, Large Frappes - Strawberries & Cream - 3.25, Large Frappes - Strawberries & Cream - 3.25",9.25,CARD,6391440690667248
28/11/2023 16:40,Longridge,Steve Hernandez,"Regular Frappes - Strawberries & Cream - 2.75, Large Flavoured iced latte - Caramel - 3.25, Large Smoothies - Glowing Greens - 2.50",8.5,CARD,6215313159635045
28/11/2023 16:42,Longridge,Robert Simon,"Regular Glass of milk - 0.70, Large Mocha - 2.70",3.4,CARD,1639201556610079
28/11/2023 16:44,Longridge,Genevieve Vancleave,Large Flavoured iced latte - Caramel - 3.25,3.25,CARD,9610884197385844
28/11/2023 16:46,Longridge,David Nelson,"Regular Smoothies - Glowing Greens - 2.00, Regular Frappes - Strawberries & Cream - 2.75",4.75,CARD,9298919956328342
28/11/2023 16:48,Longridge,Dorothy Baldwin,"Regular Smoothies - Glowing Greens - 2.00, Regular Speciality Tea - Earl Grey - 1.30, Regular Smoothies - Glowing Greens - 2.00, Regular Flavoured iced latte - Caramel - 2.75, Regular Smoothies - Glowing Greens - 2.00",10.05,CASH,
28/11/2023 16:50,Longridge,Leonard Wirtz,"Regular Smoothies - Glowing Greens - 2.00, Large Speciality Tea - Earl Grey - 1.60, Regular Smoothies - Glowing Greens - 2.00, Large Frappes - Strawberries & Cream - 3.25, Large Flavoured iced latte - Caramel - 3.25, Regular Speciality Tea - Earl Grey - 1.30",13.4,CARD,9973556216127769
28/11/2023 16:52,Longridge,Burton Hamrick,Large Glass of milk - 1.10,1.1,CASH,
28/11/2023 16:54,Longridge,Deborah Yasutake,Regular Frappes - Strawberries & Cream - 2.75,2.75,CASH,
28/11/2023 16:56,Longridge,Dawn Pierre,"Large Mocha - 2.70, Large Speciality Tea - Earl Grey - 1.60",4.3,CARD,1623895840222522
28/11/2023 16:58,Longridge,Jennifer Pike,Regular Glass of milk - 0.70,0.7,CARD,3645098282868149
