09/12/2023 09:00,Uppingham,Donna Reed,"Regular Speciality Tea - Green - 1.30, Regular Speciality Tea - Peppermint - 1.30, Large Cortado - 2.35",4.95,CASH,
09/12/2023 09:01,Uppingham,Nicholas Seger,Regular Cortado - 2.05,2.05,CARD,6643343175884773
09/12/2023 09:02,Uppingham,Cheryl Hill,"Large Smoothies - Berry Beautiful - 2.50, Regular Cortado - 2.05, Large Smoothies - Berry Beautiful - 2.50, Regular Flavoured hot chocolate - Vanilla - 2.60, Regular Speciality Tea - Peppermint - 1.30",10.95,CASH,
09/12/2023 09:03,Uppingham,Anita Green,"Regular Flavoured hot chocolate - Vanilla - 2.60, Regular Speciality Tea - Peppermint - 1.30, Regular Smoothies - Berry Beautiful - 2.00",5.9,CARD,7313328545174737
09/12/2023 09:04,Uppingham,Brian Chrisman,"Large Smoothies - Berry Beautiful - 2.50, Regular Smoothies - Berry Beautiful - 2.00, Regular Flavoured hot chocolate - Vanilla - 2.60",7.1,CASH,
09/12/2023 09:05,Uppingham,Daniel Prado,"Large Smoothies - Berry Beautiful - 2.50, Large Flavoured latte - Hazelnut - 2.85, Regular Smoothies - Berry Beautiful - 2.00, Large Speciality Tea - Peppermint - 1.60",8.95,CARD,3025520325065428
09/12/2023 09:06,Uppingham,Diana House,"Large Hot chocolate - 2.90, Large Smoothies - Berry Beautiful - 2.50, Large Flavoured latte - Caramel - 2.85, Regular Flavoured latte - Hazelnut - 2.55, Large Hot chocolate - 2.90, Regular Flavoured latte - Hazelnut - 2.55",16.25,CARD,7905946285409040
09/12/2023 09:07,Uppingham,Terry Mintz,"Regular Mocha - 2.30, Regular Flavoured hot chocolate - Vanilla - 2.60, Large Flavoured hot chocolate - Vanilla - 2.90, Regular Flavoured latte - Caramel - 2.55",10.35,CARD,3882538781473516
09/12/2023 09:08,Uppingham,Mathew Brown,"Large Flavoured latte - Hazelnut - 2.85, Large Cortado - 2.35, Large Smoothies - Berry Beautiful - 2.50, Regular Flavoured latte - Hazelnut - 2.55, Regular Speciality Tea - Green - 1.30, Regular Flavoured latte - Hazelnut - 2.55",14.1,CASH,
09/12/2023 09:09,Uppingham,Maria Deyoung,"Regular Cortado - 2.05, Regular Speciality Tea - Peppermint - 1.30, Large Red Label tea - 1.80, Regular Flavoured latte - Caramel - 2.55",7.7,CASH,
09/12/2023 09:10,Uppingham,Rafael Dikes,Large Speciality Tea - Green - 1.60,1.6,CARD,4073814883593854
09/12/2023 09:11,Uppingham,Harvey Babcock,"Regular Cortado - 2.05, Regular Flavoured latte - Caramel - 2.55",4.6,CARD,7980103947214213
09/12/2023 09:12,Uppingham,Jacques Peterson,"Large Speciality Tea - Peppermint - 1.60, Large Speciality Tea - Peppermint - 1.60, Regular Cortado - 2.05",5.25,CARD,2554092919639647
09/12/2023 09:13,Uppingham,Geraldine Kelly,"Regular Flavoured latte - Caramel - 2.55, Large Flavoured latte - Caramel - 2.85",5.4,CARD,3808940553240443
09/12/2023 09:14,Uppingham,Stella Flowers,"Large Hot chocolate - 2.90, Large Hot chocolate - 2.90",5.8,CARD,6030438563095273
09/12/2023 09:15,Uppingham,Sergio Welch,"Regular Speciality Tea - Green - 1.30, Large Smoothies - Berry Beautiful - 2.50, Large Flavoured latte - Hazelnut - 2.85, Large Cortado - 2.35",9.0,CARD,1170522760658685
09/12/2023 09:16,Uppingham,Alice Wendelin,"Large Flavoured latte - Caramel - 2.85, Regular Hot chocolate - 2.20, Large Cortado - 2.35",7.4,CARD,8719740715654417
09/12/2023 09:17,Uppingham,Charles Ireland,"Regular Flavoured latte - Hazelnut - 2.55, Regular Speciality Tea - Green - 1.30, Large Cortado - 2.35",6.2,CARD,8406270683498167
09/12/2023 09:18,Uppingham,Emily Jencks,"Regular Flavoured latte - Hazelnut - 2.55, Regular Red Label tea - 1.20, Regular Cortado - 2.05, Large Flavoured latte - Caramel - 2.85, Large Speciality Tea - Peppermint - 1.60",10.25,CASH,
09/12/2023 09:19,Uppingham,Grace Edwards,"Regular Speciality Tea - Green - 1.30, Regular Red Label tea - 1.20",2.5,CARD,1681915247263505
09/12/2023 09:20,Uppingham,Van Johnson,"Large Cortado - 2.35, Large Red Label tea - 1.80, Large Flavoured latte - Hazelnut - 2.85",7.0,CARD,8938319917839229
09/12/2023 09:21,Uppingham,Jenette Jaynes,"Regular Flavoured latte - Hazelnut - 2.55, Regular Flavoured latte - Hazelnut - 2.55, Large Hot chocolate - 2.90, Regular Hot chocolate - 2.20",10.2,CARD,2634953597519189
09/12/2023 09:22,Uppingham,Jon Heredia,"Large Cortado - 2.35, Regular Flavoured latte - Hazelnut - 2.55",4.9,CASH,
09/12/2023 09:23,Uppingham,Earl Bibbs,"Regular Hot chocolate - 2.20, Large Speciality Tea - Green - 1.60, Large Hot chocolate - 2.90, Regular Red Label tea - 1.20, Regular Flavoured latte - Caramel - 2.55",10.45,CARD,5198778370316093
09/12/2023 09:24,Uppingham,James Pecci,"Large Flavoured latte - Caramel - 2.85, Regular Speciality Tea - Green - 1.30",4.15,CARD,1847961738524592
09/12/2023 09:25,Uppingham,Ronald Cabler,Regular Flavoured latte - Hazelnut - 2.55,2.55,CASH,
09/12/2023 09:26,Uppingham,Lee Knodel,"Large Cortado - 2.35, Regular Red Label tea - 1.20",3.55,CARD,8541417445367867
09/12/2023 09:27,Uppingham,James Morris,"Regular Speciality Tea - Peppermint - 1.30, Regular Flavoured latte - Hazelnut - 2.55, Regular Mocha - 2.30",6.15,CARD,2492572524352297
09/12/2023 09:28,Uppingham,Edward Sanders,"Regular Hot chocolate - 2.20, Regular Mocha - 2.30",4.5,CARD,2593301014521072
09/12/2023 09:29,Uppingham,Amy Victor,"Large Mocha - 2.70, Large Mocha - 2.70, Regular Hot chocolate - 2.20, Large Mocha - 2.70, Large Speciality Tea - Green - 1.60",11.9,CARD,6938223273658718
09/12/2023 09:30,Uppingham,Holly Carpenter,"Large Red Label tea - 1.80, Regular Hot chocolate - 2.20, Large Hot chocolate - 2.90, Regular Flavoured latte - Caramel - 2.55, Regular Flavoured hot chocolate - Vanilla - 2.60",12.05,CARD,8808482682675677
09/12/2023 09:31,Uppingham,Roland Wylam,"Regular Flavoured latte - Caramel - 2.55, Large Mocha - 2.70, Large Red Label tea - 1.80, Regular Speciality Tea - Green - 1.30, Large Smoothies - Berry Beautiful - 2.50, Large Red Label tea - 1.80",12.65,CARD,8428325121449012
09/12/2023 09:32,Uppingham,Jimmy Fitzloff,"Large Hot chocolate - 2.90, Regular Mocha - 2.30",5.2,CASH,
09/12/2023 09:33,Uppingham,Joseph Campbell,"Large Flavoured hot chocolate - Vanilla - 2.90, Large Speciality Tea - Peppermint - 1.60, Large Flavoured latte - Hazelnut - 2.85, Large Speciality Tea - Green - 1.60, Regular Cortado - 2.05",11.0,CASH,
09/12/2023 09:34,Uppingham,Robert Polk,Regular Cortado - 2.05,2.05,CARD,5253139510988138
09/12/2023 09:35,Uppingham,Noelle Miller,Regular Flavoured hot chocolate - Vanilla - 2.60,2.6,CARD,8348129513564960
09/12/2023 09:36,Uppingham,Trevor Harper,Regular Smoothies - Berry Beautiful - 2.00,2.0,CARD,9566905341319103
09/12/2023 09:37,Uppingham,Margaret Mccullough,"Large Speciality Tea - Green - 1.60, Regular Speciality Tea - Peppermint - 1.30",2.9,CARD,4704936818119958
09/12/2023 09:38,Uppingham,Alvina Bartberger,Large Red Label tea - 1.80,1.8,CARD,7106089645287190
09/12/2023 09:39,Uppingham,Maria Fitzpatrick,Regular Mocha - 2.30,2.3,CARD,7926510644590353
09/12/2023 09:40,Uppingham,Alan Clark,"Large Speciality Tea - Peppermint - 1.60, Regular Hot chocolate - 2.20, Regular Flavoured latte - Caramel - 2.55, Large Smoothies - Berry Beautiful - 2.50",8.85,CASH,
09/12/2023 09:41,Uppingham,Mackenzie Robinson,Regular Flavoured latte - Hazelnut - 2.55,2.55,CASH,
09/12/2023 09:42,Uppingham,Tammi Christensen,"Large Hot chocolate - 2.90, Large Smoothies - Berry Beautiful - 2.50, Large Flavoured latte - Hazelnut - 2.85",8.25,CASH,
09/12/2023 09:43,Uppingham,Patricia Taylor,Regular Smoothies - Berry Beautiful - 2.00,2.0,CARD,8063955036758172
09/12/2023 09:44,Uppingham,Chasity Street,"Large Flavoured latte - Hazelnut - 2.85, Large Flavoured latte - Hazelnut - 2.85, Large Speciality Tea - Peppermint - 1.60",7.3,CASH,
09/12/2023 09:45,Uppingham,Teresa Hommell,Large Speciality Tea - Green - 1.60,1.6,CARD,4691007094785687
09/12/2023 09:46,Uppingham,Lourdes Corcoran,Large Mocha - 2.70,2.7,CASH,
09/12/2023 09:47,Uppingham,William Boswell,"Large Mocha - 2.70, Regular Smoothies - Berry Beautiful - 2.00",4.7,CASH,
09/12/2023 09:48,Uppingham,Michael Tuma,"Large Flavoured latte - Hazelnut - 2.85, Large Red Label tea - 1.80, Regular Speciality Tea - Peppermint - 1.30, Regular Smoothies - Berry Beautiful - 2.00",7.95,CARD,2427610061467831
09/12/2023 09:49,Uppingham,Flora Beeson,"Large Flavoured latte - Hazelnut - 2.85, Large Flavoured hot chocolate - Vanilla - 2.90, Regular Flavoured hot chocolate - Vanilla - 2.60",8.35,CASH,
09/12/2023 09:50,Uppingham,William Peterson,"Large Flavoured hot chocolate - Vanilla - 2.90, Large Flavoured latte - Hazelnut - 2.85, Regular Flavoured latte - Caramel - 2.55, Large Flavoured hot chocolate - Vanilla - 2.90",11.2,CASH,
09/12/2023 09:51,Uppingham,Dexter Aguilar,Regular Speciality Tea - Peppermint - 1.30,1.3,CASH,
09/12/2023 09:52,Uppingham,Betsy King,"Regular Red Label tea - 1.20, Regular Hot chocolate - 2.20, Regular Speciality Tea - Peppermint - 1.30, Large Cortado - 2.35, Large Flavoured hot chocolate - Vanilla - 2.90",9.95,CARD,2137360911092064
09/12/2023 09:53,Uppingham,Kayla Riggs,"Large Speciality Tea - Peppermint - 1.60, Large Red Label tea - 1.80, Regular Flavoured hot chocolate - Vanilla - 2.60",6.0,CASH,
09/12/2023 09:54,Uppingham,Kevin Depalma,"Large Hot chocolate - 2.90, Large Cortado - 2.35, Large Flavoured latte - Caramel - 2.85",8.1,CARD,8696630185084821
09/12/2023 09:55,Uppingham,Kristin Kelly,"Large Mocha - 2.70, Large Red Label tea - 1.80",4.5,CASH,
09/12/2023 09:56,Uppingham,Diane Strieker,"Regular Red Label tea - 1.20, Large Flavoured hot chocolate - Vanilla - 2.90, Large Mocha - 2.70",6.8,CARD,1223435898449628
09/12/2023 09:57,Uppingham,Rhonda Mckamey,"Large Speciality Tea - Green - 1.60, Regular Smoothies - Berry Beautiful - 2.00, Large Speciality Tea - Green - 1.60",5.2,CARD,4413177024824430
09/12/2023 09:58,Uppingham,Emily Dicamillo,"Large Flavoured hot chocolate - Vanilla - 2.90, Regular Flavoured hot chocolate - Vanilla - 2.60, Regular Mocha - 2.30",7.8,CASH,
09/12/2023 09:59,Uppingham,Philip Sheline,"Regular Cortado - 2.05, Large Mocha - 2.70, Regular Speciality Tea - Peppermint - 1.30",6.05,CARD,5826846496193451
09/12/2023 10:01,Uppingham,Christopher Durham,"Regular Hot chocolate - 2.20, Large Cortado - 2.35",4.55,CARD,4097047861142948
09/12/2023 10:02,Uppingham,Carrie Canta,"Regular Mocha - 2.30, Regular Mocha - 2.30, Large Cortado - 2.35, Regular Mocha - 2.30",9.25,CASH,
09/12/2023 10:03,Uppingham,Sarah Soto,"Large Speciality Tea - Peppermint - 1.60, Large Flavoured latte - Hazelnut - 2.85, Regular Smoothies - Berry Beautiful - 2.00, Regular Mocha - 2.30",8.75,CARD,7828222253754141
09/12/2023 10:04,Uppingham,Mary Mccully,"Regular Smoothies - Berry Beautiful - 2.00, Large Cortado - 2.35, Large Hot chocolate - 2.90",7.25,CARD,9122049541216436
09/12/2023 10:06,Uppingham,Jamie Dade,"Regular Flavoured latte - Caramel - 2.55, Large Flavoured latte - Caramel - 2.85, Large Flavoured latte - Caramel - 2.85",8.25,CARD,6012911596751815
09/12/2023 10:07,Uppingham,Helen Rowley,"Large Smoothies - Berry Beautiful - 2.50, Large Flavoured hot chocolate - Vanilla - 2.90, Large Flavoured latte - Caramel - 2.85, Regular Speciality Tea - Peppermint - 1.30, Regular Red Label tea - 1.20",10.75,CASH,
09/12/2023 10:08,Uppingham,Lawrence Melendy,"Regular Red Label tea - 1.20, Large Red Label tea - 1.80, Large Red Label tea - 1.80",4.8,CARD,6607255205471509
09/12/2023 10:09,Uppingham,Lilian Reeves,Large Flavoured latte - Caramel - 2.85,2.85,CARD,9789261792819027
09/12/2023 10:11,Uppingham,Linda Kaywood,"Large Speciality Tea - Peppermint - 1.60, Large Speciality Tea - Peppermint - 1.60",3.2,CARD,3830750504479147
09/12/2023 10:12,Uppingham,Kevin Galloway,"Large Mocha - 2.70, Large Hot chocolate - 2.90, Large Smoothies - Berry Beautiful - 2.50, Large Red Label tea - 1.80",9.9,CARD,1204996138732289
09/12/2023 10:13,Uppingham,Clarence Naill,"Large Hot chocolate - 2.90, Regular Hot chocolate - 2.20, Regular Mocha - 2.30, Regular Speciality Tea - Peppermint - 1.30",8.7,CARD,5887945376133753
09/12/2023 10:14,Uppingham,Judy Westover,"Large Flavoured latte - Caramel - 2.85, Regular Cortado - 2.05, Large Hot chocolate - 2.90",7.8,CARD,8665817575243905
09/12/2023 10:16,Uppingham,Tammy Edmonds,"Regular Cortado - 2.05, Regular Speciality Tea - Green - 1.30, Regular Red Label tea - 1.20, Regular Hot chocolate - 2.20",6.75,CARD,6413181650375515
09/12/2023 10:17,Uppingham,Joyce Penn,"Regular Flavoured hot chocolate - Vanilla - 2.60, Large Flavoured latte - Hazelnut - 2.85",5.45,CASH,
09/12/2023 10:18,Uppingham,Bettie Hall,"Regular Smoothies - Berry Beautiful - 2.00, Regular Mocha - 2.30, Regular Flavoured hot chocolate - Vanilla - 2.60",6.9,CARD,2085093528731834
09/12/2023 10:19,Uppingham,Sharon Underwood,"Large Cortado - 2.35, Large Speciality Tea - Peppermint - 1.60, Regular Red Label tea - 1.20, Regular Red Label tea - 1.20",6.35,CARD,3538142414658564
09/12/2023 10:21,Uppingham,Gerald Fratta,Regular Hot chocolate - 2.20,2.2,CARD,6007694675334524
09/12/2023 10:22,Uppingham,Mary Chiles,"Regular Speciality Tea - Green - 1.30, Large Mocha - 2.70",4.0,CARD,5344806206076101
09/12/2023 10:23,Uppingham,Donald Brewer,"Regular Speciality Tea - Green - 1.30, Regular Hot chocolate - 2.20, Regular Flavoured hot chocolate - Vanilla - 2.60",6.1,CARD,6761018546434351
09/12/2023 10:24,Uppingham,Genevieve Harris,"Regular Mocha - 2.30, Regular Speciality Tea - Peppermint - 1.30, Regular Speciality Tea - Green - 1.30, Large Hot chocolate - 2.90",7.8,CASH,
09/12/2023 10:26,Uppingham,Rodney Higgins,"Regular Mocha - 2.30, Large Flavoured hot chocolate - Vanilla - 2.90, Large Speciality Tea - Green - 1.60, Regular Mocha - 2.30",9.1,CASH,
09/12/2023 10:27,Uppingham,Maria Boyes,"Large Smoothies - Berry Beautiful - 2.50, Large Hot chocolate - 2.90, Large Flavoured hot chocolate - Vanilla - 2.90, Large Flavoured latte - Hazelnut - 2.85, Large Hot chocolate - 2.90",14.05,CARD,8475517241372467
09/12/2023 10:28,Uppingham,Robert Coe,"Regular Red Label tea - 1.20, Regular Hot chocolate - 2.20",3.4,CASH,
09/12/2023 10:29,Uppingham,Manuel Peterson,"Large Cortado - 2.35, Regular Flavoured latte - Hazelnut - 2.55, Regular Flavoured latte - Caramel - 2.55",7.45,CASH,
09/12/2023 10:31,Uppingham,Whitney Legore,"Large Mocha - 2.70, Regular Cortado - 2.05",4.75,CASH,
09/12/2023 10:32,Uppingham,Alice Jennings,"Regular Smoothies - Berry Beautiful - 2.00, Large Flavoured latte - Hazelnut - 2.85",4.85,CARD,3486651898578701
09/12/2023 10:33,Uppingham,Robert Kubat,"Regular Speciality Tea - Peppermint - 1.30, Large Speciality Tea - Peppermint - 1.60, Large Speciality Tea - Green - 1.60, Regular Cortado - 2.05, Regular Hot chocolate - 2.20",8.75,CARD,7751649155607457
09/12/2023 10:34,Uppingham,Christopher Mcdonald,"Regular Mocha - 2.30, Large Speciality Tea - Peppermint - 1.60",3.9,CARD,9682344266118723
09/12/2023 10:36,Uppingham,Christian Kingsley,"Regular Smoothies - Berry Beautiful - 2.00, Large Smoothies - Berry Beautiful - 2.50, Regular Cortado - 2.05, Regular Smoothies - Berry Beautiful - 2.00",8.55,CASH,
09/12/2023 10:37,Uppingham,Gala Galimi,"Regular Hot chocolate - 2.20, Regular Smoothies - Berry Beautiful - 2.00, Large Red Label tea - 1.80, Regular Speciality Tea - Green - 1.30, Large Flavoured latte - Caramel - 2.85",10.15,CARD,9501598869874440
09/12/2023 10:38,Uppingham,Linda Logan,"Large Cortado - 2.35, Regular Smoothies - Berry Beautiful - 2.00, Large Speciality Tea - Green - 1.60, Regular Mocha - 2.30, Regular Mocha - 2.30, Regular Speciality Tea - Peppermint - 1.30",11.85,CASH,
09/12/2023 10:39,Uppingham,Nicholas Laite,"Large Flavoured hot chocolate - Vanilla - 2.90, Regular Flavoured hot chocolate - Vanilla - 2.60",5.5,CASH,
09/12/2023 10:41,Uppingham,James Oliver,"Large Cortado - 2.35, Large Hot chocolate - 2.90, Regular Flavoured latte - Hazelnut - 2.55",7.8,CARD,3812839950702890
09/12/2023 10:42,Uppingham,Paige Hall,Regular Hot chocolate - 2.20,2.2,CASH,
09/12/2023 10:43,Uppingham,Marissa Matthey,"Large Hot chocolate - 2.90, Regular Red Label tea - 1.20, Large Flavoured latte - Caramel - 2.85, Large Red Label tea - 1.80",8.75,CARD,8917105607775795
09/12/2023 10:44,Uppingham,Douglas Narvaez,"Large Flavoured hot chocolate - Vanilla - 2.90, Regular Flavoured latte - Hazelnut - 2.55",5.45,CARD,2368982487818750
09/12/2023 10:46,Uppingham,Vernon Lue,"Regular Flavoured latte - Hazelnut - 2.55, Large Speciality Tea - Green - 1.60, Large Flavoured latte - Hazelnut - 2.85",7.0,CARD,1540012928307224
09/12/2023 10:47,Uppingham,Norman Smith,"Regular Flavoured latte - Caramel - 2.55, Regular Flavoured latte - Hazelnut - 2.55, Large Flavoured latte - Hazelnut - 2.85, Large Cortado - 2.35",10.3,CASH,
09/12/2023 10:48,Uppingham,Brian Gelabert,"Regular Flavoured latte - Caramel - 2.55, Regular Flavoured latte - Hazelnut - 2.55, Large Speciality Tea - Green - 1.60, Regular Flavoured latte - Hazelnut - 2.55, Regular Flavoured latte - Caramel - 2.55",11.8,CARD,2101961801143041
09/12/2023 10:49,Uppingham,Beverly Tran,"Regular Flavoured latte - Hazelnut - 2.55, Regular Mocha - 2.30, Regular Flavoured latte - Caramel - 2.55",7.4,CARD,1102561492055044
09/12/2023 10:51,Uppingham,Scott Rodriguez,"Regular Flavoured latte - Hazelnut - 2.55, Large Mocha - 2.70",5.25,CARD,2770384073541297
09/12/2023 10:52,Uppingham,Wilfredo Sanchez,"Regular Speciality Tea - Green - 1.30, Large Cortado - 2.35",3.65,CARD,4167594782427067
09/12/2023 10:53,Uppingham,Kathleen Verch,"Large Flavoured hot chocolate - Vanilla - 2.90, Regular Smoothies - Berry Beautiful - 2.00, Regular Red Label tea - 1.20",6.1,CARD,7664409930394528
09/12/2023 10:54,Uppingham,Lessie Whitacre,Large Flavoured hot chocolate - Vanilla - 2.90,2.9,CASH,
09/12/2023 10:56,Uppingham,Jorge Scott,"Large Speciality Tea - Green - 1.60, Large Speciality Tea - Green - 1.60",3.2,CARD,5825342497873126
09/12/2023 10:57,Uppingham,Susan Garrick,"Large Mocha - 2.70, Regular Flavoured hot chocolate - Vanilla - 2.60, Large Flavoured latte - Hazelnut - 2.85",8.15,CARD,8540184862216798
09/12/2023 10:58,Uppingham,Vivian Lavette,"Large Flavoured latte - Hazelnut - 2.85, Large Red Label tea - 1.80, Regular Speciality Tea - Green - 1.30, Regular Cortado - 2.05",8.0,CARD,6141106000868122
09/12/2023 10:59,Uppingham,Sonja Dockstader,Regular Flavoured hot chocolate - Vanilla - 2.60,2.6,CARD,8301893327770283
09/12/2023 11:01,Uppingham,Orville Davis,"Regular Mocha - 2.30, Regular Cortado - 2.05, Large Hot chocolate - 2.90",7.25,CARD,8677020075019411
09/12/2023 11:03,Uppingham,Brian Garza,"Large Red Label tea - 1.80, Regular Cortado - 2.05, Regular Speciality Tea - Peppermint - 1.30",5.15,CARD,4479588569869981
09/12/2023 11:05,Uppingham,Lola Carr,Regular Mocha - 2.30,2.3,CASH,
09/12/2023 11:07,Uppingham,Roger Salgado,"Large Flavoured hot chocolate - Vanilla - 2.90, Regular Cortado - 2.05, Regular Cortado - 2.05, Large Hot chocolate - 2.90, Large Flavoured hot chocolate - Vanilla - 2.90",12.8,CARD,7619333133990830
09/12/2023 11:09,Uppingham,Tyra Hanrahan,Regular Flavoured latte - Hazelnut - 2.55,2.55,CARD,9870303183149191
09/12/2023 11:11,Uppingham,Richard Blow,Regular Flavoured latte - Caramel - 2.55,2.55,CASH,
09/12/2023 11:13,Uppingham,Laverne Guy,"Large Flavoured hot chocolate - Vanilla - 2.90, Regular Speciality Tea - Green - 1.30",4.2,CASH,
09/12/2023 11:15,Uppingham,Bennie Gibson,"Regular Cortado - 2.05, Regular Flavoured latte - Caramel - 2.55, Large Speciality Tea - Green - 1.60, Regular Flavoured latte - Hazelnut - 2.55",8.75,CASH,
09/12/2023 11:17,Uppingham,Janet Wolchesky,Regular Speciality Tea - Peppermint - 1.30,1.3,CARD,9273091692590916
09/12/2023 11:19,Uppingham,Barry Tanner,"Large Mocha - 2.70, Regular Cortado - 2.05, Large Cortado - 2.35",7.1,CASH,
09/12/2023 11:21,Uppingham,George Erickson,"Large Mocha - 2.70, Regular Hot chocolate - 2.20, Regular Cortado - 2.05",6.95,CARD,6814647254135474
09/12/2023 11:23,Uppingham,Michael Bartley,"Regular Smoothies - Berry Beautiful - 2.00, Regular Mocha - 2.30, Regular Flavoured latte - Hazelnut - 2.55, Large Cortado - 2.35, Large Cortado - 2.35",11.55,CASH,
09/12/2023 11:25,Uppingham,Rhonda Nell,"Large Red Label tea - 1.80, Large Cortado - 2.35",4.15,CASH,
09/12/2023 11:27,Uppingham,Samatha Bassett,"Large Flavoured hot chocolate - Vanilla - 2.90, Large Cortado - 2.35, Regular Mocha - 2.30, Large Flavoured latte - Hazelnut - 2.85",10.4,CARD,9072828922642919
09/12/2023 11:29,Uppingham,Kenneth Hallinan,"Large Speciality Tea - Green - 1.60, Regular Red Label tea - 1.20",2.8,CASH,
09/12/2023 11:31,Uppingham,Bruce Woods,"Regular Speciality Tea - Peppermint - 1.30, Large Hot chocolate - 2.90, Regular Flavoured latte - Hazelnut - 2.55",6.75,CASH,
09/12/2023 11:33,Uppingham,Dina Metz,"Regular Flavoured latte - Caramel - 2.55, Large Flavoured hot chocolate - Vanilla - 2.90",5.45,CARD,8276850779830703
09/12/2023 11:35,Uppingham,Heather Tucker,Regular Red Label tea - 1.20,1.2,CASH,
09/12/2023 11:37,Uppingham,Kenneth Lee,Large Mocha - 2.70,2.7,CARD,2008169694737218
09/12/2023 11:39,Uppingham,Ruth Koss,Large Flavoured latte - Hazelnut - 2.85,2.85,CASH,
09/12/2023 11:41,Uppingham,Kathleen Robinson,"Large Cortado - 2.35, Regular Speciality Tea - Peppermint - 1.30, Large Flavoured latte - Caramel - 2.85, Regular Speciality Tea - Green - 1.30",7.8,CASH,
09/12/2023 11:43,Uppingham,Ralph Bobo,"Large Flavoured hot chocolate - Vanilla - 2.90, Regular Hot chocolate - 2.20",5.1,CARD,6101358339907977
09/12/2023 11:45,Uppingham,Dean Young,Large Smoothies - Berry Beautiful - 2.50,2.5,CARD,4975443536107709
09/12/2023 11:47,Uppingham,Linda Klein,"Large Smoothies - Berry Beautiful - 2.50, Large Hot chocolate - 2.90, Regular Speciality Tea - Green - 1.30",6.7,CARD,3970502534773070
09/12/2023 11:49,Uppingham,Kathy Venhorst,"Large Flavoured latte - Hazelnut - 2.85, Regular Cortado - 2.05, Large Red Label tea - 1.80, Large Speciality Tea - Green - 1.60, Large Cortado - 2.35, Regular Speciality Tea - Peppermint - 1.30",11.95,CASH,
09/12/2023 11:51,Uppingham,Jeffrey Clevenger,Large Flavoured latte - Hazelnut - 2.85,2.85,CARD,3315963722765827
09/12/2023 11:53,Uppingham,Billy Bartlett,"Large Flavoured hot chocolate - Vanilla - 2.90, Regular Mocha - 2.30",5.2,CARD,9192079066791122
09/12/2023 11:55,Uppingham,Neil Schreiber,"Regular Speciality Tea - Peppermint - 1.30, Regular Cortado - 2.05",3.35,CARD,6667491293247406
09/12/2023 11:57,Uppingham,Chelsea Crowe,"Large Flavoured latte - Caramel - 2.85, Large Cortado - 2.35, Large Cortado - 2.35",7.55,CASH,
09/12/2023 11:59,Uppingham,Vincent Gutierrez,"Regular Smoothies - Berry Beautiful - 2.00, Regular Flavoured latte - Hazelnut - 2.55, Large Flavoured latte - Caramel - 2.85, Large Flavoured latte - Hazelnut - 2.85",10.25,CARD,9389487626418692
09/12/2023 12:01,Uppingham,Neil Pineda,"Large Smoothies - Berry Beautiful - 2.50, Large Mocha - 2.70, Large Red Label tea - 1.80, Large Mocha - 2.70, Regular Hot chocolate - 2.20, Large Red Label tea - 1.80",13.7,CARD,9920487294668893
09/12/2023 12:04,Uppingham,Russell Cassidy,"Large Flavoured latte - Hazelnut - 2.85, Regular Cortado - 2.05, Regular Speciality Tea - Green - 1.30, Large Speciality Tea - Peppermint - 1.60, Regular Mocha - 2.30",10.1,CARD,7088695824367620
09/12/2023 12:07,Uppingham,Wilbur Hicks,"Regular Smoothies - Berry Beautiful - 2.00, Regular Hot chocolate - 2.20, Large Flavoured hot chocolate - Vanilla - 2.90, Large Smoothies - Berry Beautiful - 2.50, Large Flavoured hot chocolate - Vanilla - 2.90, Large Speciality Tea - Green - 1.60",14.1,CARD,4863922150059167
09/12/2023 12:10,Uppingham,Jerry Jones,"Regular Flavoured latte - Hazelnut - 2.55, Large Red Label tea - 1.80, Large Mocha - 2.70, Regular Mocha - 2.30, Large Hot chocolate - 2.90",12.25,CASH,
09/12/2023 12:13,Uppingham,John Hudson,Large Red Label tea - 1.80,1.8,CARD,7313737270260968
09/12/2023 12:16,Uppingham,James Parks,"Regular Speciality Tea - Green - 1.30, Regular Flavoured hot chocolate - Vanilla - 2.60",3.9,CARD,4415702778680298
09/12/2023 12:19,Uppingham,Derek Vanek,Large Flavoured latte - Hazelnut - 2.85,2.85,CASH,
09/12/2023 12:23,Uppingham,Jonathan Loud,"Regular Flavoured latte - Caramel - 2.55, Regular Speciality Tea - Peppermint - 1.30, Regular Speciality Tea - Green - 1.30, Regular Flavoured hot chocolate - Vanilla - 2.60, Large Flavoured latte - Hazelnut - 2.85, Regular Red Label tea - 1.20",11.8,CASH,
09/12/2023 12:26,Uppingham,Amanda Fields,Regular Speciality Tea - Green - 1.30,1.3,CARD,1925742258323439
09/12/2023 12:29,Uppingham,Richard Bail,"Large Speciality Tea - Peppermint - 1.60, Regular Speciality Tea - Green - 1.30",2.9,CASH,
09/12/2023 12:32,Uppingham,Randal Miller,Regular Cortado - 2.05,2.05,CARD,7075323374452361
09/12/2023 12:35,Uppingham,Annie Palmer,"Regular Hot chocolate - 2.20, Large Speciality Tea - Peppermint - 1.60",3.8,CARD,1225890877468601
09/12/2023 12:38,Uppingham,Deborah Eldredge,"Regular Smoothies - Berry Beautiful - 2.00, Large Flavoured latte - Hazelnut - 2.85, Large Speciality Tea - Green - 1.60, Regular Smoothies - Berry Beautiful - 2.00",8.45,CARD,2326758825778611
09/12/2023 12:41,Uppingham,Sharon Rich,"Regular Flavoured hot chocolate - Vanilla - 2.60, Large Mocha - 2.70",5.3,CASH,
09/12/2023 12:45,Uppingham,Mark Caudill,Large Mocha - 2.70,2.7,CARD,5634432165162643
09/12/2023 12:48,Uppingham,Jim Ehrhart,"Regular Flavoured latte - Hazelnut - 2.55, Regular Flavoured latte - Caramel - 2.55",5.1,CASH,
09/12/2023 12:51,Uppingham,Charlotte Breault,"Large Cortado - 2.35, Regular Flavoured latte - Caramel - 2.55",4.9,CARD,1324025893026324
09/12/2023 12:54,Uppingham,Marlyn Minor,Regular Mocha - 2.30,2.3,CARD,1742813163259732
09/12/2023 12:57,Uppingham,Rosa Bower,"Large Cortado - 2.35, Regular Flavoured latte - Caramel - 2.55, Large Flavoured latte - Caramel - 2.85",7.75,CASH,
09/12/2023 13:00,Uppingham,Helen Rosales,"Regular Hot chocolate - 2.20, Large Cortado - 2.35",4.55,CARD,9800901372939809
09/12/2023 13:02,Uppingham,Nancy Groch,Regular Cortado - 2.05,2.05,CARD,9165131817117367
09/12/2023 13:04,Uppingham,Lillian Martin,"Regular Mocha - 2.30, Regular Flavoured latte - Caramel - 2.55, Regular Flavoured latte - Hazelnut - 2.55, Large Red Label tea - 1.80, Large Cortado - 2.35",11.55,CASH,
09/12/2023 13:06,Uppingham,Jennifer Davis,"Large Flavoured hot chocolate - Vanilla - 2.90, Regular Flavoured latte - Caramel - 2.55, Regular Flavoured latte - Hazelnut - 2.55, Regular Red Label tea - 1.20, Regular Mocha - 2.30",11.5,CASH,
09/12/2023 13:08,Uppingham,George Lopez,"Large Speciality Tea - Green - 1.60, Regular Speciality Tea - Green - 1.30, Regular Flavoured latte - Caramel - 2.55",5.45,CARD,7424770009508810
09/12/2023 13:10,Uppingham,Ashley Hernandez,"Large Cortado - 2.35, Large Smoothies - Berry Beautiful - 2.50, Large Hot chocolate - 2.90, Regular Red Label tea - 1.20, Regular Flavoured latte - Caramel - 2.55",11.5,CARD,5070960097142060
09/12/2023 13:12,Uppingham,Gladys Schad,Large Flavoured hot chocolate - Vanilla - 2.90,2.9,CARD,9265252067273506
09/12/2023 13:13,Uppingham,Staci Keeling,Regular Smoothies - Berry Beautiful - 2.00,2.0,CARD,9231945896894775
09/12/2023 13:15,Uppingham,Chad Wilson,"Regular Red Label tea - 1.20, Regular Hot chocolate - 2.20, Large Flavoured hot chocolate - Vanilla - 2.90, Regular Hot chocolate - 2.20",8.5,CARD,6129231292393177
09/12/2023 13:17,Uppingham,Charles Hileman,"Regular Hot chocolate - 2.20, Regular Speciality Tea - Green - 1.30, Regular Smoothies - Berry Beautiful - 2.00, Regular Flavoured latte - Hazelnut - 2.55, Large Flavoured latte - Caramel - 2.85",10.9,CARD,2655826160669630
09/12/2023 13:19,Uppingham,Concepcion Jenkins,"Regular Flavoured latte - Hazelnut - 2.55, Large Flavoured latte - Hazelnut - 2.85, Regular Red Label tea - 1.20, Regular Red Label tea - 1.20, Regular Cortado - 2.05",9.85,CASH,
09/12/2023 13:21,Uppingham,Dawn Gridley,"Large Mocha - 2.70, Regular Flavoured latte - Hazelnut - 2.55, Large Flavoured latte - Caramel - 2.85, Large Mocha - 2.70, Regular Flavoured hot chocolate - Vanilla - 2.60",13.4,CARD,3596502282210115
09/12/2023 13:23,Uppingham,Edward Chugg,"Large Flavoured hot chocolate - Vanilla - 2.90, Regular Hot chocolate - 2.20, Regular Cortado - 2.05",7.15,CARD,2156093277251441
09/12/2023 13:25,Uppingham,Lauren Joiner,Large Flavoured latte - Caramel - 2.85,2.85,CARD,8186311353994126
09/12/2023 13:26,Uppingham,Marion Lay,Regular Smoothies - Berry Beautiful - 2.00,2.0,CARD,7789879143042330
09/12/2023 13:28,Uppingham,Annette Cauffman,Large Smoothies - Berry Beautiful - 2.50,2.5,CASH,
09/12/2023 13:30,Uppingham,Patricia Bohne,"Regular Smoothies - Berry Beautiful - 2.00, Large Mocha - 2.70, Large Smoothies - Berry Beautiful - 2.50",7.2,CASH,
09/12/2023 13:32,Uppingham,Danielle Marston,"Large Mocha - 2.70, Regular Speciality Tea - Green - 1.30",4.0,CARD,4318664613659504
09/12/2023 13:34,Uppingham,Bernard Luu,Large Smoothies - Berry Beautiful - 2.50,2.5,CARD,2735588422662983
09/12/2023 13:36,Uppingham,Demarcus Sayre,"Regular Speciality Tea - Green - 1.30, Large Flavoured latte - Caramel - 2.85",4.15,CASH,
09/12/2023 13:38,Uppingham,Vicki Geraci,Regular Cortado - 2.05,2.05,CARD,8177774042072002
09/12/2023 13:40,Uppingham,Joanne Staff,"Regular Flavoured latte - Hazelnut - 2.55, Large Flavoured latte - Hazelnut - 2.85, Regular Flavoured hot chocolate - Vanilla - 2.60, Regular Mocha - 2.30",10.3,CARD,8705212641419758
09/12/2023 13:41,Uppingham,Harold Nickell,"Regular Red Label tea - 1.20, Large Speciality Tea - Green - 1.60",2.8,CARD,4084229047721616
09/12/2023 13:43,Uppingham,Tammy Myers,Regular Speciality Tea - Peppermint - 1.30,1.3,CARD,7171031799107027
09/12/2023 13:45,Uppingham,Edward Little,Regular Red Label tea - 1.20,1.2,CASH,
09/12/2023 13:47,Uppingham,Richard Craig,"Large Flavoured hot chocolate - Vanilla - 2.90, Regular Flavoured latte - Hazelnut - 2.55",5.45,CARD,5033211253736069
09/12/2023 13:49,Uppingham,Alex Austell,"Regular Speciality Tea - Peppermint - 1.30, Large Mocha - 2.70",4.0,CASH,
09/12/2023 13:51,Uppingham,Geneva Ledbetter,Regular Mocha - 2.30,2.3,CARD,3276941015451437
09/12/2023 13:53,Uppingham,Tim Rojas,"Large Speciality Tea - Peppermint - 1.60, Large Cortado - 2.35, Large Hot chocolate - 2.90",6.85,CARD,4781331111205934
09/12/2023 13:54,Uppingham,Brent Zambrano,"Large Speciality Tea - Peppermint - 1.60, Large Mocha - 2.70, Large Flavoured latte - Hazelnut - 2.85, Large Mocha - 2.70, Large Flavoured hot chocolate - Vanilla - 2.90",12.75,CARD,5035762883601322
09/12/2023 13:56,Uppingham,Ronald Tam,"Large Hot chocolate - 2.90, Large Red Label tea - 1.80, Regular Speciality Tea - Green - 1.30, Large Cortado - 2.35",8.35,CASH,
09/12/2023 13:58,Uppingham,Elsie Jones,"Regular Red Label tea - 1.20, Regular Hot chocolate - 2.20, Large Hot chocolate - 2.90, Regular Flavoured latte - Caramel - 2.55, Large Mocha - 2.70",11.55,CARD,4999459407001666
09/12/2023 14:00,Uppingham,Isabel Sandiford,"Large Smoothies - Berry Beautiful - 2.50, Regular Smoothies - Berry Beautiful - 2.00, Large Mocha - 2.70",7.2,CARD,9402508564662651
09/12/2023 14:03,Uppingham,Glenna Tuinstra,Regular Hot chocolate - 2.20,2.2,CARD,5245691193665991
09/12/2023 14:07,Uppingham,Anthony Pratt,"Regular Flavoured latte - Hazelnut - 2.55, Regular Flavoured latte - Caramel - 2.55",5.1,CARD,3784176565948194
09/12/2023 14:10,Uppingham,Forrest Smith,"Regular Speciality Tea - Green - 1.30, Regular Hot chocolate - 2.20",3.5,CARD,4866583623437413
09/12/2023 14:13,Uppingham,Christopher Pullins,"Large Speciality Tea - Peppermint - 1.60, Large Mocha - 2.70",4.3,CASH,
09/12/2023 14:17,Uppingham,Elva Acevedo,"Large Hot chocolate - 2.90, Regular Flavoured hot chocolate - Vanilla - 2.60, Large Smoothies - Berry Beautiful - 2.50, Large Speciality Tea - Green - 1.60",9.6,CARD,3729535955393738
09/12/2023 14:20,Uppingham,Susanna Cupp,"Large Flavoured latte - Hazelnut - 2.85, Regular Flavoured latte - Hazelnut - 2.55, Large Cortado - 2.35",7.75,CARD,1118005480399951
09/12/2023 14:23,Uppingham,Kathryn Watts,"Regular Cortado - 2.05, Regular Mocha - 2.30, Regular Flavoured latte - Caramel - 2.55, Large Flavoured latte - Hazelnut - 2.85",9.75,CARD,6569382663759978
09/12/2023 14:27,Uppingham,Ruth Smith,Regular Hot chocolate - 2.20,2.2,CARD,5052724014419728
09/12/2023 14:30,Uppingham,Clara Loy,Regular Cortado - 2.05,2.05,CARD,1929669609980296
09/12/2023 14:33,Uppingham,Joyce Armstrong,"Large Mocha - 2.70, Large Flavoured latte - Caramel - 2.85, Regular Flavoured hot chocolate - Vanilla - 2.60",8.15,CARD,8029055486572969
09/12/2023 14:37,Uppingham,Deloris Michaels,"Large Flavoured latte - Caramel - 2.85, Regular Smoothies - Berry Beautiful - 2.00, Large Flavoured latte - Hazelnut - 2.85",7.7,CARD,1570356336952780
09/12/2023 14:40,Uppingham,Michael Reilly,"Regular Red Label tea - 1.20, Large Speciality Tea - Green - 1.60, Large Flavoured latte - Hazelnut - 2.85, Regular Speciality Tea - Green - 1.30",6.95,CARD,2150835569446962
09/12/2023 14:43,Uppingham,Debra Potter,"Large Speciality Tea - Green - 1.60, Large Cortado - 2.35, Large Flavoured hot chocolate - Vanilla - 2.90",6.85,CASH,
09/12/2023 14:47,Uppingham,Joseph Rickert,"Large Flavoured latte - Hazelnut - 2.85, Regular Flavoured latte - Caramel - 2.55",5.4,CARD,7101890215568978
09/12/2023 14:50,Uppingham,Linda Huang,"Regular Speciality Tea - Green - 1.30, Regular Flavoured latte - Caramel - 2.55, Large Flavoured latte - Hazelnut - 2.85",6.7,CASH,
09/12/2023 14:53,Uppingham,Michael Tollefson,"Regular Speciality Tea - Peppermint - 1.30, Regular Mocha - 2.30, Regular Flavoured latte - Caramel - 2.55, Large Flavoured hot chocolate - Vanilla - 2.90, Regular Speciality Tea - Green - 1.30",10.35,CASH,
09/12/2023 14:57,Uppingham,Joy Mathis,"Large Speciality Tea - Green - 1.60, Large Flavoured latte - Hazelnut - 2.85, Large Smoothies - Berry Beautiful - 2.50, Large Speciality Tea - Green - 1.60",8.55,CARD,7127545122680427
09/12/2023 15:00,Uppingham,Cheryl Corbin,"Large Flavoured latte - Caramel - 2.85, Regular Red Label tea - 1.20, Regular Mocha - 2.30, Large Smoothies - Berry Beautiful - 2.50, Regular Cortado - 2.05",10.9,CARD,4989486043930881
09/12/2023 15:03,Uppingham,Ben Chester,Regular Hot chocolate - 2.20,2.2,CARD,6280698182671982
09/12/2023 15:07,Uppingham,James Wheatley,Regular Cortado - 2.05,2.05,CASH,
09/12/2023 15:10,Uppingham,Donald Casas,Regular Mocha - 2.30,2.3,CARD,4990067872242349
09/12/2023 15:13,Uppingham,Otto Mayberry,Large Smoothies - Berry Beautiful - 2.50,2.5,CARD,5276555020327182
09/12/2023 15:17,Uppingham,Nathan Contreras,"Regular Flavoured hot chocolate - Vanilla - 2.60, Regular Mocha - 2.30, Regular Speciality Tea - Green - 1.30",6.2,CARD,8684842887488053
09/12/2023 15:20,Uppingham,John Szymanski,"Large Flavoured hot chocolate - Vanilla - 2.90, Large Flavoured latte - Caramel - 2.85",5.75,CARD,2619217182194311
09/12/2023 15:23,Uppingham,Pierre Harris,"Large Hot chocolate - 2.90, Regular Cortado - 2.05, Regular Flavoured latte - Hazelnut - 2.55",7.5,CARD,4298335708014941
09/12/2023 15:27,Uppingham,Bruce Coffman,"Large Smoothies - Berry Beautiful - 2.50, Large Flavoured hot chocolate - Vanilla - 2.90, Regular Flavoured hot chocolate - Vanilla - 2.60, Regular Hot chocolate - 2.20",10.2,CASH,
09/12/2023 15:30,Uppingham,Lavonne Bodine,"Regular Flavoured hot chocolate - Vanilla - 2.60, Large Speciality Tea - Green - 1.60",4.2,CARD,3105129796270023
09/12/2023 15:33,Uppingham,Martha Hallford,"Regular Speciality Tea - Green - 1.30, Regular Speciality Tea - Green - 1.30, Regular Cortado - 2.05, Large Flavoured latte - Hazelnut - 2.85, Large Smoothies - Berry Beautiful - 2.50, Large Flavoured latte - Caramel - 2.85",12.85,CASH,
09/12/2023 15:37,Uppingham,Allen Nunnally,Regular Mocha - 2.30,2.3,CARD,4990922826167201
09/12/2023 15:40,Uppingham,Michael Eady,"Regular Speciality Tea - Peppermint - 1.30, Large Red Label tea - 1.80, Regular Hot chocolate - 2.20, Large Flavoured latte - Hazelnut - 2.85, Regular Red Label tea - 1.20",9.35,CASH,
09/12/2023 15:43,Uppingham,Kermit Sale,"Large Speciality Tea - Green - 1.60, Regular Hot chocolate - 2.20, Regular Smoothies - Berry Beautiful - 2.00",5.8,CARD,4700494182954915
09/12/2023 15:47,Uppingham,Frances Holton,"Large Smoothies - Berry Beautiful - 2.50, Large Hot chocolate - 2.90, Large Cortado - 2.35, Large Cortado - 2.35",10.1,CARD,9853597053997829
09/12/2023 15:50,Uppingham,Ada Decinti,Large Speciality Tea - Green - 1.60,1.6,CARD,8157433751835313
09/12/2023 15:53,Uppingham,Yvonne Boone,"Large Mocha - 2.70, Regular Flavoured latte - Caramel - 2.55, Regular Speciality Tea - Peppermint - 1.30",6.55,CARD,1349483620592790
09/12/2023 15:57,Uppingham,Pearlie Goins,"Regular Flavoured latte - Caramel - 2.55, Regular Flavoured latte - Hazelnut - 2.55",5.1,CARD,4641252200681351
09/12/2023 16:00,Uppingham,Maria Tribble,"Regular Mocha - 2.30, Regular Red Label tea - 1.20, Large Smoothies - Berry Beautiful - 2.50, Large Cortado - 2.35",8.35,CARD,2103596317916827
09/12/2023 16:02,Uppingham,Maria Anderson,Large Mocha - 2.70,2.7,CARD,6372815088271752
09/12/2023 16:04,Uppingham,Thomas Jones,"Large Speciality Tea - Peppermint - 1.60, Regular Smoothies - Berry Beautiful - 2.00, Large Flavoured hot chocolate - Vanilla - 2.90, Large Smoothies - Berry Beautiful - 2.50, Regular Hot chocolate - 2.20, Regular Hot chocolate - 2.20",13.4,CARD,3128279606034980
09/12/2023 16:05,Uppingham,Doris Morlan,"Regular Hot chocolate - 2.20, Regular Speciality Tea - Green - 1.30",3.5,CASH,
09/12/2023 16:07,Uppingham,Angela Boggess,"Regular Flavoured hot chocolate - Vanilla - 2.60, Large Smoothies - Berry Beautiful - 2.50",5.1,CARD,5968720149025276
09/12/2023 16:09,Uppingham,John Locicero,Large Flavoured hot chocolate - Vanilla - 2.90,2.9,CARD,6077593487910398
09/12/2023 16:11,Uppingham,Christine Hyman,Regular Cortado - 2.05,2.05,CARD,6189539570086467
09/12/2023 16:12,Uppingham,Beatrice Williams,"Large Red Label tea - 1.80, Regular Flavoured hot chocolate - Vanilla - 2.60, Large Red Label tea - 1.80, Regular Red Label tea - 1.20, Large Speciality Tea - Peppermint - 1.60",9.0,CASH,
09/12/2023 16:14,Uppingham,Anna Armstrong,"Regular Flavoured latte - Caramel - 2.55, Regular Speciality Tea - Peppermint - 1.30, Large Red Label tea - 1.80, Regular Mocha - 2.30, Regular Red Label tea - 1.20, Large Speciality Tea - Peppermint - 1.60",10.75,CASH,
09/12/2023 16:16,Uppingham,Deborah Roe,"Regular Hot chocolate - 2.20, Large Mocha - 2.70, Regular Hot chocolate - 2.20, Large Flavoured latte - Caramel - 2.85, Large Flavoured latte - Caramel - 2.85",12.8,CASH,
09/12/2023 16:18,Uppingham,Timothy Hammond,Regular Red Label tea - 1.20,1.2,CARD,9168739100721514
09/12/2023 16:19,Uppingham,Mark Shu,"Regular Speciality Tea - Peppermint - 1.30, Large Flavoured latte - Hazelnut - 2.85",4.15,CARD,2184611512626681
09/12/2023 16:21,Uppingham,Scarlett Mcgrath,"Large Flavoured latte - Caramel - 2.85, Large Mocha - 2.70, Large Flavoured latte - Hazelnut - 2.85, Regular Hot chocolate - 2.20",10.6,CASH,
09/12/2023 16:23,Uppingham,Terry Klish,Large Cortado - 2.35,2.35,CASH,
09/12/2023 16:25,Uppingham,Brenda Bermudez,"Large Cortado - 2.35, Regular Smoothies - Berry Beautiful - 2.00",4.35,CARD,3444608187514023
09/12/2023 16:26,Uppingham,Joshua Westover,"Regular Flavoured hot chocolate - Vanilla - 2.60, Regular Speciality Tea - Green - 1.30",3.9,CARD,6004713404419090
09/12/2023 16:28,Uppingham,Reginald Luker,"Regular Speciality Tea - Green - 1.30, Regular Flavoured latte - Hazelnut - 2.55",3.85,CARD,2048872171136449
09/12/2023 16:30,Uppingham,Oscar Evers,Regular Flavoured latte - Hazelnut - 2.55,2.55,CARD,8682000469178278
09/12/2023 16:32,Uppingham,Mark English,"Large Cortado - 2.35, Large Flavoured latte - Caramel - 2.85, Regular Red Label tea - 1.20",6.4,CASH,
09/12/2023 16:33,Uppingham,Apolonia Kissinger,"Regular Hot chocolate - 2.20, Regular Speciality Tea - Green - 1.30",3.5,CARD,4322838290085312
09/12/2023 16:35,Uppingham,Helen Bowens,Large Flavoured latte - Caramel - 2.85,2.85,CARD,5955506915080750
09/12/2023 16:37,Uppingham,Michael Poteet,Large Flavoured hot chocolate - Vanilla - 2.90,2.9,CARD,8448003495465231
09/12/2023 16:39,Uppingham,William Prospero,"Regular Speciality Tea - Green - 1.30, Regular Flavoured latte - Caramel - 2.55, Regular Mocha - 2.30, Regular Flavoured latte - Hazelnut - 2.55, Large Mocha - 2.70, Regular Red Label tea - 1.20",12.6,CARD,4441409969049821
09/12/2023 16:41,Uppingham,Adolfo Ave,Regular Flavoured hot chocolate - Vanilla - 2.60,2.6,CARD,4762357511293435
09/12/2023 16:42,Uppingham,Peter White,"Regular Cortado - 2.05, Regular Cortado - 2.05, Regular Mocha - 2.30, Regular Red Label tea - 1.20",7.6,CARD,7324931255191641
09/12/2023 16:44,Uppingham,William Doty,"Regular Red Label tea - 1.20, Large Flavoured latte - Caramel - 2.85",4.05,CARD,7376819173936444
09/12/2023 16:46,Uppingham,Donald Motes,Large Hot chocolate - 2.90,2.9,CASH,
09/12/2023 16:48,Uppingham,Don Brown,"Regular Speciality Tea - Green - 1.30, Regular Red Label tea - 1.20",2.5,CARD,8598597479016336
09/12/2023 16:49,Uppingham,Leroy Brown,"Regular Flavoured latte - Caramel - 2.55, Large Hot chocolate - 2.90, Large Flavoured hot chocolate - Vanilla - 2.90, Large Hot chocolate - 2.90, Large Cortado - 2.35, Regular Mocha - 2.30",15.9,CARD,8470850523126334
09/12/2023 16:51,Uppingham,William Gibson,"Large Mocha - 2.70, Large Mocha - 2.70, Large Speciality Tea - Green - 1.60, Large Red Label tea - 1.80, Large Smoothies - Berry Beautiful - 2.50, Regular Speciality Tea - Green - 1.30",12.6,CARD,5684751685375975
09/12/2023 16:53,Uppingham,Scott Skeete,"Regular Flavoured hot chocolate - Vanilla - 2.60, Regular Speciality Tea - Green - 1.30, Regular Flavoured latte - Hazelnut - 2.55",6.45,CASH,
09/12/2023 16:55,Uppingham,Brunilda Gaillard,"Regular Flavoured latte - Caramel - 2.55, Regular Flavoured hot chocolate - Vanilla - 2.60, Regular Smoothies - Berry Beautiful - 2.00, Regular Mocha - 2.30",9.45,CASH,
09/12/2023 16:56,Uppingham,Richard Walker,"Large Cortado - 2.35, Large Speciality Tea - Green - 1.60",3.95,CASH,
09/12/2023 16:58,Uppingham,Ruth Desrochers,"Large Hot chocolate - 2.90, Large Red Label tea - 1.80",4.7,CARD,5787425814944428
